,Superfamily,Tag,Region,Country,Measurer,Locality,Location,Latitude,Longitude,Pres.time,Col.date,Plant,Col.method,Family,Subfamily,Tribe,Genus,Subgenus,Species,Sex,Weight,Pin.wgt,Spec.wgt,IT,IT_cor,BL,Bl_cor
1,Syrphoidea,SpainBF415,Europe,Spain,IB,SPAIN,NA,37.396355,-5.9732,0,21/06/2017,NA,Hand,Syrphidae,Eristalinae,Merodontini,Platynochaetus,NA,Platynochaetus_setosus,Female,NA,NA,0.0581,4.55,4.55,13.74,13.74
2,Syrphoidea,SpainBF417,Europe,Spain,IB,SPAIN,NA,37.396355,-5.9732,0,21/06/2017,NA,Hand,Syrphidae,Syrphinae,Syrphini,Episyrphus,NA,Episyrphus_baleatus,Female,NA,NA,0.0133,2.8,2.8,13.85,13.85
3,Syrphoidea,SpainBF422,Europe,Spain,IB,SPAIN,NA,37.396355,-5.9732,0,21/06/2017,NA,Hand,Syrphidae,Eristalinae,Volucellini,Volucella,NA,Volucella_elegans,Female,NA,NA,0.0432,5.99,5.99,18.83,18.83
4,Syrphoidea,SpainBF425,Europe,Spain,IB,SPAIN,NA,37.396355,-5.9732,0,21/06/2017,NA,Hand,Syrphidae,Eristalinae,Eristalini,Eristalinus,NA,Eristalinus_taeniops,Female,NA,NA,0.0348,3.53,3.53,13.58,13.58
5,Syrphoidea,SpainBF428,Europe,Spain,IB,SPAIN,NA,37.396355,-5.9732,0,21/06/2017,NA,Hand,Syrphidae,Syrphinae,Syrphini,Sphaerophoria,NA,Sphaerophoria_scripta,Male,NA,NA,0.0047,1.58,1.58,10.35,10.35
6,Syrphoidea,SpainBF433,Europe,Spain,IB,SPAIN,NA,37.396355,-5.9732,0,21/06/2017,NA,Hand,Syrphidae,Eristalinae,Eristalini,Myathropa,NA,Myathropa_florea,Male,NA,NA,0.0017,3.46,3.46,12.68,12.68
7,Syrphoidea,SpainBF463,Europe,Spain,IB,SPAIN,NA,37.396355,-5.9732,0,21/06/2017,NA,Hand,Syrphidae,Eristalinae,Milesiini,Syritta,NA,Syritta_pipiens,Male,NA,NA,0.0055,1.85,1.85,9.94,9.94
8,Syrphoidea,SpainBF465,Europe,Spain,IB,SPAIN,NA,37.396355,-5.9732,0,21/06/2017,NA,Hand,Syrphidae,Eristalinae,Eristalini,Eristalinus,NA,Eristalinus_megacephalus,Male,NA,NA,0.0071,2.99,2.99,10.05,10.05
9,Syrphoidea,ALLO-AUS-06,Australasia,Australia,LK,COFFS,COFFSS1S,-30.01,153.15,0,11/05/2017,Vaccinium,Hand,Syrphidae,Eristalinae,Eristalini,Eristalinus,Lathyrophthalmus,Eristalinus_punctulatus,Male,0.0906,0.067166,0.023434,6.597,4.051698067,18.508,11.36711048
10,Syrphoidea,ALLO-AUS-07,Australasia,Australia,LK,COFFS,COFFSRoadside weeds,-30,153.15,0,11/05/2017,Bidens pilosa,Hand,Syrphidae,Syrphinae,Syrphini,Syrphini,NA,Syrphini_syrsp4,Male,0.0682,0.067166,0.001034,1.688,1.036723713,10.885,6.685271102
11,Syrphoidea,ALLO-AUS-08,Australasia,Australia,LK,COFFS,COFFSGrays Road,-29.94,153.13,0,11/05/2017,Bidens pilosa,Hand,Syrphidae,Eristalinae,Cerioidini,Ceriana,Ceriana,Ceriana_cersp1,Female,0.0699,0.067166,0.002734,2.206,1.354865232,14.028,8.615616263
12,Syrphoidea,ALLO-AUS-10,Australasia,Australia,LK,COFFS,COFFSCamellia,-30,153.15,0,11/05/2017,Camellia,Hand,Syrphidae,Eristalinae,Eristalini,Eristalinus,Lathyrophthalmus,Eristalinus_punctulatus,Male,0.0881,0.067166,0.020934,5.877,3.60949364,16.903,10.38136311
13,Syrphoidea,ALLO-AUS-13,Australasia,Australia,LK,COFFS,COFFSRoadside weeds,-30,153.15,0,15/05/2017,Bidens pilosa,Hand,Syrphidae,Syrphinae,Syrphini,Syrphini,NA,Syrphini_syrsp4,Female,0.0684,0.067166,0.001234,2.388,1.466644685,10.965,6.734404927
14,Syrphoidea,ALLO-AUS-14,Australasia,Australia,LK,COFFS,COFFSRoadside weeds,-30,153.15,0,15/05/2017,Bidens pilosa,Hand,Syrphidae,Syrphinae,Syrphini,Melangyna,Austrosyrphus,Melangyna_melsp1,Female,0.0686,0.067166,0.001434,2.815,1.728896477,13.017,7.994687546
15,Syrphoidea,ALLO-AUS-17,Australasia,Australia,LK,COFFS,COFFSBasil,-29.99,153.14,0,11/05/2017,Basil,Hand,Syrphidae,Syrphinae,Syrphini,Syrphini,NA,Syrphini_syrsp4,Female,0.0682,0.067166,0.001034,2.084,1.279936149,9.0906,5.583199401
16,Syrphoidea,ALLO-AUS-21,Australasia,Australia,LK,COFFS,COFFSRoadside weeds,-30,153.15,0,11/05/2017,Bidens pilosa,Hand,Syrphidae,Syrphinae,Syrphini,Melangyna,Austrosyrphus,Melangyna_melsp1,Male,0.0737,0.067166,0.006534,4.093,2.513809336,15.627,9.597678596
17,Syrphoidea,ALLO-AUS-22,Australasia,Australia,LK,COFFS,COFFSS1S,-30.01,153.15,0,11/05/2017,Vaccinium,Hand,Syrphidae,Eristalinae,Eristalini,Eristalinus,NA,Eristalinus_punctulatus,Female,0.0982,0.067166,0.031034,6.127,3.763036844,19.265,11.8320393
18,Syrphoidea,ALLO-AUS-28,Australasia,Australia,LK,COFFS,COFFSS1S,-30.01,153.15,0,11/05/2017,Vaccinium,Hand,Syrphidae,Eristalinae,Eristalini,Eristalinus,NA,Eristalinus_punctulatus,Male,0.0921,0.067166,0.024934,6.205,3.810942323,19.77,12.14219657
19,Syrphoidea,ALLO-AUS-29,Australasia,Australia,LK,COFFS,COFFSRoadside weeds,-30,153.15,0,11/05/2017,Bidens pilosa,Hand,Syrphidae,Syrphinae,Syrphini,Syrphini,NA,Syrphini_syrsp4,Male,0.07,0.067166,0.002834,2.258,1.386802219,11.011,6.762656877
20,Syrphoidea,ALLO-AUS-30,Australasia,Australia,LK,COFFS,COFFSRoadside weeds,-30,153.15,0,11/05/2017,Bidens pilosa,Hand,Syrphidae,Syrphinae,Syrphini,Melangyna,Austrosyrphus,Melangyna_melsp1,Female,0.0731,0.067166,0.005934,3.433,2.108455277,13.354,8.201663785
21,Syrphoidea,ALLO-AUS-33,Australasia,Australia,LK,COFFS,COFFSCamellia,-30,153.15,0,11/05/2017,Camellia,Hand,Syrphidae,Eristalinae,Eristalini,Eristalinus,NA,Eristalinus_punctulatus,Male,0.0874,0.067166,0.020234,6.203,3.809713978,18.991,11.66375595
22,Syrphoidea,ALLO-AUS-38,Australasia,Australia,LK,COFFS,COFFSRoadside weeds,-30,153.15,0,11/05/2017,Bidens pilosa,Hand,Syrphidae,Syrphinae,Syrphini,Melangyna,Austrosyrphus,Melangyna_melsp1,Female,0.0711,0.067166,0.003934,3.773,2.317274035,14.857,9.124765527
23,Syrphoidea,ALLO-AUS-40,Australasia,Australia,LK,COFFS,COFFSRoadside - Ditch,-30,153.14,0,11/05/2017,Bidens pilosa,Hand,Syrphidae,Syrphinae,Syrphini,Syrphini,NA,Syrphini_syrsp4,Male,0.0694,0.067166,0.002234,2.069,1.270723556,10.337,6.348704399
24,Syrphoidea,ALLO-AUS-41,Australasia,Australia,LK,COFFS,COFFSRoadside - Ditch,-30,153.14,0,11/05/2017,Bidens pilosa,Hand,Syrphidae,Syrphinae,Syrphini,Syrphini,NA,Syrphini_syrsp4,Male,0.0682,0.067166,0.001034,1.855,1.139290574,11.5192,7.074779502
25,Syrphoidea,ALLO-AUS-47,Australasia,Australia,LK,COFFS,COFFSGrays Road,-29.94,153.13,0,16/05/2017,Bidens pilosa,Hand,Syrphidae,Syrphinae,Syrphini,Melangyna,Austrosyrphus,Melangyna_melsp1,Female,0.044,0.038672,0.005328,3.127,1.920518396,12.599,7.737963309
26,Syrphoidea,ALLO-AUS-56,Australasia,Australia,LK,COFFS,COFFSS1S,-30.01,153.15,0,16/05/2017,Vaccinium,Hand,Syrphidae,Eristalinae,Eristalini,Eristalinus,NA,Eristalinus_punctulatus,Male,0.0947,0.067166,0.027534,6.191,3.802343904,18.502,11.36342544
27,Syrphoidea,ALLO-AUS-59,Australasia,Australia,LK,COFFS,COFFSGrays Road,-29.94,153.13,0,16/05/2017,Bidens pilosa,Hand,Syrphidae,Syrphinae,Syrphini,Simosyrphus,NA,Simosyrphus_syrsp2,Male,0.0461,0.038672,0.007428,3.683,2.261998481,17.002,10.44216622
28,Syrphoidea,ALLO-AUS-63,Australasia,Australia,LK,COFFS,COFFSS1S,-30.01,153.15,0,16/05/2017,Vaccinium,Hand,Syrphidae,Eristalinae,Eristalini,Eristalinus,NA,Eristalinus_punctulatus,Male,0.0988,0.067166,0.031634,6.362,3.907367455,19.754,12.13236981
29,Syrphoidea,ALLO-AUS-69,Australasia,Australia,LK,COFFS,COFFSGrays Road,-29.94,153.13,0,16/05/2017,Bidens pilosa,Hand,Syrphidae,Syrphinae,Syrphini,Melangyna,Austrosyrphus,Melangyna_melsp1,Male,0.0438,0.038672,0.005128,3.364,2.066077353,14.395,8.841017686
30,Syrphoidea,ALLO-AUS-72,Australasia,Australia,LK,COFFS,COFFSGrays Road,-29.94,153.13,0,17/05/2017,Bidens pilosa,Hand,Syrphidae,Syrphinae,Syrphini,Syrphini,NA,Syrphini_syrsp4,Female,0.0411,0.038672,0.002428,2.391,1.468487203,11.092,6.812404875
31,Syrphoidea,ALLO-AUS-87,Australasia,Australia,LK,COFFS,COFFSKelly Potts,-30.14,153.19,0,23/05/2017,Vaccinium,Hand,Syrphidae,Syrphinae,Syrphini,Melangyna,Austrosyrphus,Melangyna_melsp1,Female,0.0412,0.038672,0.002528,3.207,1.969652221,13.723,8.428293554
32,Syrphoidea,ALLO-AUS-88,Australasia,Australia,LK,COFFS,COFFSParminder,-30.09,153.16,0,23/05/2017,Bidens pilosa,Hand,Syrphidae,Syrphinae,Syrphini,Melangyna,Austrosyrphus,Melangyna_melsp1,Male,0.0432,0.038672,0.004528,3.003,1.844360966,15.278,9.383332283
33,Syrphoidea,ALLO-AUS-92,Australasia,Australia,LK,COFFS,COFFSKelly Potts,-30.14,153.19,0,23/05/2017,Vaccinium,Hand,Syrphidae,Syrphinae,Syrphini,Episyrphus,NA,Episyrphus_spisp1,Male,0.0734,0.067166,0.006234,3.947,2.424140105,15.597,9.579253411
34,Syrphoidea,ALLO-AUS-93-1,Australasia,Australia,LK,COFFS,COFFSCOMPOUND-YELLOW,-29.99,153.14,0,23/05/2017,NA,Vane,Syrphidae,Syrphinae,Syrphini,Melangyna,Austrosyrphus,Melangyna_melsp1,Female,0.0455,0.038672,0.006828,3.663,2.249715025,13.511,8.298088917
35,Syrphoidea,ALLO-AUS-94,Australasia,Australia,LK,COFFS,COFFSParminder,-30.09,153.16,0,23/05/2017,Bidens pilosa,Hand,Syrphidae,Syrphinae,Syrphini,Melangyna,Austrosyrphus,Melangyna_melsp1,Male,0.045,0.038672,0.006328,3.889,2.388518081,15.27,9.3784189
36,Syrphoidea,ALLO-AUS-97,Australasia,Australia,LK,COFFS,COFFSHardip,-30.01,153.11,0,23/05/2017,Weed/Carrot,Hand,Syrphidae,Syrphinae,Syrphini,Syrphini,NA,Syrphini_syrsp4,Female,0.0404,0.038672,0.001728,2.044,1.255369236,10.922,6.707995496
37,Syrphoidea,ALLO-AUS-101,Australasia,Australia,LK,COFFS,COFFSParminder,-30.09,153.16,0,23/05/2017,Bidens pilosa,Hand,Syrphidae,Eristalinae,Milesiini,Syrph,NA,Syrph_chasp1,Male,0.0443,0.038672,0.005628,3.16,1.940786099,15.24,9.359993716
38,Syrphoidea,ALLO-AUS-103,Australasia,Australia,LK,COFFS,COFFSKelly Potts,-30.14,153.19,0,23/05/2017,Vaccinium,Hand,Syrphidae,Syrphinae,Syrphini,Melangyna,Austrosyrphus,Melangyna_melsp1,Female,0.0476,0.038672,0.008928,3.538,2.172943423,14.403,8.845931069
39,Syrphoidea,ALLO-AUS-104,Australasia,Australia,LK,COFFS,COFFSParminder,-30.09,153.16,0,23/05/2017,Vaccinium,Hand,Syrphidae,Syrphinae,Syrphini,Syrphini,NA,Syrphini_syrsp4,Male,0.0404,0.038672,0.001728,2.217,1.361621133,10.097,6.201302923
40,Syrphoidea,ALLO-AUS-105,Australasia,Australia,LK,COFFS,COFFSKelly Potts,-30.14,153.19,0,23/05/2017,Vaccinium,Hand,Syrphidae,Syrphinae,Syrphini,Melangyna,Austrosyrphus,Melangyna_melsp1,Female,0.043,0.038672,0.004328,2.931,1.800140524,12.353,7.586876796
41,Syrphoidea,ALLO-AUS-109,Australasia,Australia,LK,COFFS,COFFSHardip,-30.01,153.11,0,24/05/2017,Passiflora,Hand,Syrphidae,Syrphinae,Syrphini,Syrphini,NA,Syrphini_syrsp4,Female,0.0406,0.038672,0.001928,1.679,1.031196158,9.768,5.999240067
42,Syrphoidea,ALLO-AUS-110,Australasia,Australia,LK,COFFS,COFFSHardip,-30.01,153.11,0,24/05/2017,Passiflora,Hand,Syrphidae,Syrphinae,Syrphini,Melangyna,Austrosyrphus,Melangyna_melsp1,Female,0.0413,0.038672,0.002628,3.419,2.099856858,13.74,8.438734492
43,Syrphoidea,ALLO-AUS-111,Australasia,Australia,LK,COFFS,COFFSHardip,-30.01,153.11,0,24/05/2017,Passiflora,Hand,Syrphidae,Syrphinae,Syrphini,Melangyna,Austrosyrphus,Melangyna_melsp1,Female,0.0446,0.038672,0.005928,3.496,2.147148165,15.239,9.359379543
44,Syrphoidea,ALLO-AUS-113,Australasia,Australia,LK,COFFS,COFFSSherwood,-30.04,153.15,0,30/05/2017,Vaccinium,Hand,Syrphidae,Syrphinae,Syrphini,Melangyna,Austrosyrphus,Melangyna_melsp1,Male,0.0421,0.038672,0.003428,3.952,2.427210969,15.463,9.496954254
45,Syrphoidea,ALLO-AUS-114,Australasia,Australia,LK,COFFS,COFFSParminder,-30.09,153.16,0,25/05/2017,Vaccinium,Hand,Syrphidae,Syrphinae,Syrphini,Melangyna,Austrosyrphus,Melangyna_melsp1,Male,0.0448,0.038672,0.006128,4.307,2.645242319,15.493,9.515379438
46,Syrphoidea,ALLO-AUS-116,Australasia,Australia,LK,COFFS,COFFSKangaroo,-30.03,153.18,0,30/05/2017,Bidens pilosa,Hand,Syrphidae,Syrphinae,Syrphini,Melangyna,Austrosyrphus,Melangyna_melsp1,Male,0.0439,0.038672,0.005228,3.747,2.301305542,15.114,9.282607941
47,Syrphoidea,ALLO-AUS-117,Australasia,Australia,LK,COFFS,COFFSParminder,-30.09,153.16,0,25/05/2017,Vaccinium,Hand,Syrphidae,Syrphinae,Syrphini,Melangyna,Austrosyrphus,Melangyna_melsp1,Male,0.0441,0.038672,0.005428,4.185,2.570313235,15.791,9.698402937
48,Syrphoidea,ALLO-AUS-119,Australasia,Australia,LK,COFFS,COFFSSherwood,-30.04,153.15,0,31/05/2017,Vaccinium,Hand,Syrphidae,Syrphinae,Syrphini,Melangyna,Austrosyrphus,Melangyna_melsp1,Female,0.0431,0.038672,0.004428,3.273,2.010187627,13.725,8.4295219
49,Syrphoidea,ALLO-AUS-123,Australasia,Australia,LK,COFFS,COFFSKelly Potts,-30.14,153.19,0,26/05/2017,Yellow inflorescene,Hand,Syrphidae,Eristalinae,Milesiini,Syrph,NA,Syrph_chasp1,Female,0.0471,0.038672,0.008428,3.528,2.166801695,15.44,9.482828279
50,Syrphoidea,ALLO-AUS-134,Australasia,Australia,LK,COFFS,COFFSKelly Potts,-30.14,153.19,0,26/05/2017,Westringia,Hand,Syrphidae,Syrphinae,Syrphini,Melangyna,Austrosyrphus,Melangyna_melsp1,Female,0.0454,0.038672,0.006728,3.874,2.379305489,14.207,8.725553197
51,Syrphoidea,ALLO-AUS-135,Australasia,Australia,LK,COFFS,COFFSKelly Potts,-30.14,153.19,0,26/05/2017,Westringia,Hand,Syrphidae,Syrphinae,Syrphini,Melangyna,Austrosyrphus,Melangyna_melsp1,Male,0.0436,0.038672,0.004928,3.982,2.445636153,15.463,9.496954254
52,Syrphoidea,ALLO-AUS-136,Australasia,Australia,LK,COFFS,COFFSKelly Potts,-30.14,153.19,0,25/05/2017,Westringia,Hand,Syrphidae,Syrphinae,Syrphini,Syrphini,NA,Syrphini_syrsp4,Female,0.0394,0.038672,0.000728,1.942,1.192723609,9.618,5.907114144
53,Syrphoidea,ALLO-AUS-137,Australasia,Australia,LK,COFFS,COFFSSherwood,-30.04,153.15,0,26/05/2017,NA,Vane,Syrphidae,Syrphinae,Syrphini,Melangyna,Austrosyrphus,Melangyna_melsp1,Female,0.0427,0.038672,0.004028,3.826,2.349825194,14.883,9.140734021
54,Syrphoidea,ALLO-AUS-138,Australasia,Australia,LK,COFFS,COFFSSherwood,-30.04,153.15,0,26/05/2017,NA,Vane,Syrphidae,Syrphinae,Syrphini,Syrphini,NA,Syrphini_syrsp4,Male,0.0401,0.038672,0.001428,1.981,1.216676348,10.305,6.329050869
55,Syrphoidea,ALLO-AUS-155,Australasia,Australia,LK,COFFS,COFFSroadside weeds,-30,153.15,0,5/05/2017,Bidens pilosa,Hand,Syrphidae,Syrphinae,Syrphini,Syrphini,NA,Syrphini_syrsp4,Female,0.0687,0.067166,0.001534,1.71,1.050235515,9.809,6.024421152
56,Syrphoidea,ALLO-AUS-156,Australasia,Australia,LK,COFFS,COFFSroadside weeds,-30,153.15,0,8/05/2017,Bidens pilosa,Hand,Syrphidae,Syrphinae,Syrphini,Syrphini,NA,Syrphini_syrsp4,Female,0.0691,0.067166,0.001934,2.138,1.313101481,10.506,6.452499605
57,Syrphoidea,ALLO-AUS-160,Australasia,Australia,LK,COFFS,COFFSCamellia,-30,153.15,0,8/05/2017,Camellia,Hand,Syrphidae,Syrphinae,Syrphini,Melangyna,Austrosyrphus,Melangyna_melsp1,Female,0.073,0.067166,0.005834,3.357,2.061778143,14.012,8.605789498
58,Syrphoidea,ALLO-AUS-163,Australasia,Australia,LK,COFFS,COFFSCamellia,-30,153.15,0,9/05/2017,Camellia,Hand,Syrphidae,Syrphinae,Syrphini,Syrphini,NA,Syrphini_syrsp4,Female,0.0688,0.067166,0.001634,1.695,1.041022923,9.503,5.83648427
59,Syrphoidea,ALLO-AUS-166,Australasia,Australia,LK,COFFS,COFFSCamellia,-30,153.15,0,9/05/2017,Camellia,Hand,Syrphidae,Syrphinae,Syrphini,Syrphini,NA,Syrphini_syrsp4,Female,0.0689,0.067166,0.001734,2.256,1.385573873,10.235,6.286058772
60,Syrphoidea,ALLO-AUS-178,Australasia,Australia,LK,COFFS,COFFSCamellia,-30,153.15,0,9/05/2017,Camellia,Hand,Syrphidae,Syrphinae,Syrphini,Syrphini,NA,Syrphini_syrsp4,Male,0.069,0.067166,0.001834,1.624,0.997416653,10.373,6.37081462
61,Syrphoidea,ALLO-AUS-94.1,Australasia,Australia,LK,COFFS,COFFSCOMPOUND-YELLOW,-29.99,153.14,0,20/05/2017,NA,Vane,Syrphidae,Syrphinae,Syrphini,Melangyna,Austrosyrphus,Melangyna_melsp1,Male,0.0748,0.067166,0.007634,4.027,2.47327393,14.341,8.807852354
62,Syrphoidea,ALLO-AUS-95.1,Australasia,Australia,LK,COFFS,COFFSCOMPOUND-YELLOW,-29.99,153.14,0,20/05/2017,NA,Vane,Syrphidae,Syrphinae,Syrphini,Melangyna,Austrosyrphus,Melangyna_melsp1,Male,0.0736,0.067166,0.006434,4.162,2.55618726,15.541,9.544859733
63,Syrphoidea,ALLO-AUS-97.1,Australasia,Australia,LK,COFFS,COFFSCOMPOUND-YELLOW,-29.99,153.14,0,20/05/2017,NA,Vane,Syrphidae,Syrphinae,Syrphini,Melangyna,Austrosyrphus,Melangyna_melsp1,Male,0.0727,0.067166,0.005534,3.984,2.446864499,14.766,9.068875801
64,Syrphoidea,ALLO-AUS-99.1,Australasia,Australia,LK,COFFS,COFFSCOMPOUND-YELLOW,-29.99,153.14,0,20/05/2017,NA,Vane,Syrphidae,Syrphinae,Syrphini,Melangyna,Austrosyrphus,Melangyna_melsp1,Female,0.0444,0.038672,0.005728,3.339,2.050723033,14.132,8.679490236
65,Syrphoidea,ALLO-AUS-100.1,Australasia,Australia,LK,COFFS,COFFSCOMPOUND-YELLOW,-29.99,153.14,0,20/05/2017,NA,Vane,Syrphidae,Syrphinae,Syrphini,Melangyna,Austrosyrphus,Melangyna_melsp1,Female,0.0463,0.038672,0.007628,3.704,2.27489611,13.827,8.492167527
66,Syrphoidea,ALLO-AUS-101.1,Australasia,Australia,LK,COFFS,COFFSCOMPOUND-YELLOW,-29.99,153.14,0,20/05/2017,NA,Vane,Syrphidae,Syrphinae,Syrphini,Melangyna,Austrosyrphus,Melangyna_melsp1,Female,0.042,0.038672,0.003328,2.505,1.538502904,12.088,7.424121
67,Syrphoidea,ALLO-AUS-102.1,Australasia,Australia,LK,COFFS,COFFSCOMPOUND-YELLOW,-29.99,153.14,0,20/05/2017,NA,Vane,Syrphidae,Syrphinae,Syrphini,Melangyna,Austrosyrphus,Melangyna_melsp1,Female,0.0452,0.038672,0.006528,3.509,2.155132411,13.069,8.026624532
68,Syrphoidea,ALLO-AUS-187,Australasia,Australia,LK,COFFS,COFFSGrays Road,-29.94,153.13,0,8/04/2017,Vaccinium,Hand,Syrphidae,Syrphinae,Syrphini,Melangyna,Austrosyrphus,Melangyna_melsp1,Male,0.0704,0.067166,0.003234,3.683,2.261998481,13.2079,8.111933136
69,Syrphoidea,ALLO-AUS-197,Australasia,Australia,LK,COFFS,COFFSGrays Road,-29.94,153.13,0,8/04/2017,Vaccinium,Hand,Syrphidae,Syrphinae,Syrphini,Melangyna,Austrosyrphus,Melangyna_melsp1,Female,0.0709,0.067166,0.003734,3.242,1.991148269,12.906,7.926514363
70,Syrphoidea,ALLO-AUS-198,Australasia,Australia,LK,COFFS,COFFSGrays Road,-29.94,153.13,0,8/04/2017,Vaccinium,Hand,Syrphidae,Eristalinae,Cerioidini,Ceriana,Ceriana,Ceriana_cersp2,Female,0.0725,0.067166,0.005334,2.707,1.662565813,15.727,9.659095877
71,Syrphoidea,ALLO-AUS-199,Australasia,Australia,LK,ARMID,ARMIDALEUNE,-30.49,151.64,0,16/04/2017,Bottlebrush,Hand,Syrphidae,Syrphinae,Syrphini,Melangyna,Austrosyrphus,Melangyna_melsp1,Female,0.0758,0.067166,0.008634,4.03,2.475116448,15.336,9.418954306
72,Syrphoidea,ALLO-AUS-200,Australasia,Australia,LK,ARMID,ARMIDALEUNE,-30.49,151.64,0,16/04/2017,Bottlebrush,Hand,Syrphidae,Syrphinae,Syrphini,Melangyna,Austrosyrphus,Melangyna_melsp1,Male,0.0754,0.067166,0.008234,4.306,2.644628146,15.257,9.370434654
73,Syrphoidea,ALLO-AUS-201,Australasia,Australia,LK,ARMID,ARMIDALEUNE,-30.49,151.64,0,16/04/2017,Bottlebrush,Hand,Syrphidae,Syrphinae,Syrphini,Melangyna,Austrosyrphus,Melangyna_melsp1,Female,0.0764,0.067166,0.009234,3.901,2.395888155,14.174,8.705285494
74,Syrphoidea,ALLO-AUS-202,Australasia,Australia,LK,ARMID,ARMIDALEUNE,-30.49,151.64,0,16/04/2017,Bottlebrush,Hand,Syrphidae,Syrphinae,Syrphini,Melangyna,Austrosyrphus,Melangyna_melsp1,Male,0.0774,0.067166,0.010234,4.042,2.482486522,14.38,8.831805094
75,Syrphoidea,ALLO-AUS-203,Australasia,Australia,LK,ARMID,ARMIDALEUNE,-30.49,151.64,0,16/04/2017,Bottlebrush,Hand,Syrphidae,Syrphinae,Syrphini,Melangyna,Austrosyrphus,Melangyna_melsp1,Male,0.0726,0.067166,0.005434,3.693,2.268140209,12.939,7.946782066
76,Syrphoidea,ALLO-AUS-218,Australasia,Australia,LK,BUNDA,Bundaberg,-24.84,152.46,0,19/02/2017,NA,Vane,Syrphidae,Syrphinae,Syrphini,Syrphin,NA,Syrphin_syrsp3,Female,0.0703,0.067166,0.003134,2.891,1.775573611,11.186,6.87013712
77,Syrphoidea,ALLO-AUS-219,Australasia,Australia,LK,COFFS,Woolgoolga,-30.11,153.2,0,3/03/2017,NA,Vane,Syrphidae,Syrphinae,Syrphini,Melangyna,Austrosyrphus,Melangyna_melsp1,Female,0.0466,0.038672,0.007928,3.75,2.30314806,15.163,9.312702409
78,Syrphoidea,ALLO-AUS-220,Australasia,Australia,LK,COFFS,Woolgoolga,-30.11,153.2,0,3/03/2017,NA,Vane,Syrphidae,Syrphinae,Syrphini,Melangyna,Austrosyrphus,Melangyna_melsp1,Female,0.0733,0.067166,0.006134,3.167,1.945085308,13.582,8.341695187
79,Syrphoidea,ALLO-AUS-239,Australasia,Australia,LK,BUNDA,Bundaberg,-24.84,152.46,0,19/02/2017,NA,Vane,Syrphidae,Syrphinae,Syrphini,Syrphi,NA,Syrphi_syrsp5,Female,0.041,0.038672,0.002328,2.754,1.691431935,11.316,6.949979586
80,Syrphoidea,ALLO-AUS-265,Australasia,Australia,LK,COFFS,COFFS_B910,-30.01,153.15,0,21/09/2017,Vaccinium,Hand,Syrphidae,Syrphinae,Syrphini,Melangyna,Austrosyrphus,Melangyna_melsp1,Male,0.0456,0.038672,0.006928,4.184,2.569699062,16.059,9.863001252
81,Syrphoidea,ALLO-AUS-271,Australasia,Australia,LK,COFFS,COFFS_ B81,-29.99,153.14,0,14/09/2018,Vaccinium,Hand,Syrphidae,Syrphinae,Syrphini,Melangyna,Austrosyrphus,Melangyna_melsp1,Female,0.0427,0.038672,0.004028,3.522,2.163116658,14.333,8.802938972
82,Syrphoidea,ALLO-AUS-279,Australasia,Australia,LK,COFFS,COFFS_FST,-30,153.1,0,14/09/2017,Pultanea,Hand,Syrphidae,Eristalinae,Eristalini,Trichopsomyia,NA,Trichopsomyia_trisp1,Male,0.0407,0.038672,0.002028,2.28,1.40031402,8.531,5.239508293
83,Syrphoidea,ALLO-AUS-309,Australasia,Australia,LK,KATHE,FoxaliciousREF149,-14.52,132.45,0,11/06/2017,Mango,Hand,Syrphidae,Eristalinae,Eristalini,Mesembrius,NA,Mesembrius_messp1,Male,0.0549,0.038672,0.016228,5.182,3.182643533,20.756,12.74777097
84,Syrphoidea,ALLO-AUS-310,Australasia,Australia,LK,KATHE,Kings producersREF144,-14.52,132.45,0,9/06/2017,Mango,Hand,Syrphidae,Syrphinae,Syrphini,Ischiodon,NA,Ischiodon_scutellaris,Female,0.0476,0.038672,0.008928,3.59,2.204880409,15.249,9.365521271
85,Syrphoidea,ALLO-AUS-312,Australasia,Australia,LK,MAREE,MoroREF006,-16.9,145.43,0,9/08/2017,Mango,Hand,Syrphidae,Syrphinae,Syrphini,Simosyrphus,NA,Simosyrphus_simsp1,Female,0.0433,0.038672,0.004628,3.021,1.855416077,12.805,7.864482909
86,Syrphoidea,ALLO-AUS-313,Australasia,Australia,LK,MAREE,MoroREF005,-16.9,145.43,0,9/08/2017,Mango,Hand,Syrphidae,Syrphinae,Syrphini,Simosyrphus,NA,Simosyrphus_simsp1,Female,0.0428,0.038672,0.004128,3.045,1.870156225,12.286,7.545727217
87,Syrphoidea,ALLO-AUS-314,Australasia,Australia,LK,MAREE,FeelyREF070,-16.99,145.37,0,17/08/2017,Mango,Hand,Syrphidae,Eristalinae,Eristalini,Eristalinus,Lathyrophthalmus,Eristalinus_erisp3,Female,0.0436,0.038672,0.004928,4.572,2.807998115,15.305,9.399914949
88,Syrphoidea,ALLO-AUS-315,Australasia,Australia,LK,MAREE,DinoREF061,-16.91,145.42,0,14/08/2017,Mango,Hand,Syrphidae,Eristalinae,Eristalini,Mesembrius,NA,Mesembrius_messp1,Female,0.0521,0.038672,0.013428,4.668,2.866958705,16.332,10.03067043
89,Syrphoidea,ALLO-AUS-316,Australasia,Australia,LK,MAREE,CetinecREF013,-16.99,145.46,0,9/08/2017,Mango,Hand,Syrphidae,Eristalinae,Eristalini,Eristalinus,Lathyrophthalmus,Eristalinus_punctulatus,Male,0.0587,0.038672,0.020028,5.775,3.546848012,17.44,10.71117391
90,Syrphoidea,ALLO-AUS-317,Australasia,Australia,LK,MAREE,MarcelloREF046,-16.9,145.43,0,14/08/2017,Mango,Hand,Syrphidae,Eristalinae,Milesiini,Orthoprosopa,NA,Orthoprosopa_ortsp1,Female,0.0441,0.038672,0.005428,2.756,1.692660281,11.668,7.166168417
91,Syrphoidea,ALLO-AUS-318,Australasia,Australia,LK,MAREE,FeelyREF066,-16.99,145.37,0,17/08/2017,Mango,Hand,Syrphidae,Syrphinae,Syrphini,Allobaccha,NA,Allobaccha_allsp1,Female,0.0421,0.038672,0.003428,2.9,1.781101166,16.532,10.15350499
92,Syrphoidea,ALLO-AUS-319,Australasia,Australia,LK,MAREE,MoroREF31,-16.9,145.43,0,9/08/2017,Mango,Hand,Syrphidae,Syrphinae,Syrphini,Simosyrphus,NA,Simosyrphus_simsp1,Female,0.0432,0.038672,0.004528,2.847,1.748550007,11.562,7.101066099
93,Syrphoidea,ALLO-AUS-320,Australasia,Australia,LK,MAREE,CetinecREF017,-16.99,145.46,0,9/08/2017,Mango,Hand,Syrphidae,Syrphinae,Syrphini,Simosyrphus,NA,Simosyrphus_simsp1,Male,0.045,0.038672,0.006328,3.611,2.217778039,15.69,9.636371483
94,Syrphoidea,ALLO-AUS-321,Australasia,Australia,LK,MAREE,MarcelloREF058,-16.9,145.43,0,14/08/2017,Mango,Hand,Syrphidae,Eristalinae,Milesiini,Orthoprosopa,NA,Orthoprosopa_ortsp1,Female,0.0441,0.038672,0.005428,2.761,1.695731145,11.853,7.279790388
95,Syrphoidea,ALLO-AUS-322,Australasia,Australia,LK,MAREE,CetinecREF021,-16.99,145.46,0,9/08/2017,Mango,Hand,Syrphidae,Eristalinae,Milesiini,Orthoprosopa,NA,Orthoprosopa_ortsp1,Male,0.0411,0.038672,0.002428,2.727,1.674849269,11.87,7.290231326
96,Syrphoidea,ALLO-AUS-323,Australasia,Australia,LK,MAREE,CetinecREF041,-16.99,145.46,0,14/08/2017,Mango,Hand,Syrphidae,Syrphinae,Syrphini,Simosyrphus,NA,Simosyrphus_simsp1,Male,0.0433,0.038672,0.004628,3.561,2.187069398,13.369,8.210876377
97,Syrphoidea,ALLO-AUS-324,Australasia,Australia,LK,MAREE,CetinecREF018,-16.99,145.46,0,9/08/2017,Mango,Hand,Syrphidae,Syrphinae,Syrphini,Simosyrphus,NA,Simosyrphus_simsp1,Male,0.0426,0.038672,0.003928,3.456,2.122581252,12.936,7.944939548
98,Syrphoidea,ALLO-AUS-334,Australasia,Australia,LK,KATHE,KatherineWM037_2017,-14.54,132.13,0,29/07/2017,Watermelon,Hand,Syrphidae,Syrphinae,Paragini,Paragus,Paragus,Paragus_parsp1,Male,0.0412,0.038672,0.002528,2.44,1.498581671,8.107,4.979099019
99,Syrphoidea,ALLO-AUS-335,Australasia,Australia,LK,KATHE,KatherineWM038_2017,-14.54,132.13,0,29/07/2017,Watermelon,Hand,Syrphidae,Syrphinae,Paragini,Paragus,Paragus,Paragus_parsp1,Male,0.0414,0.038672,0.002728,2.696,1.655809912,8.846,5.43297273
100,Syrphoidea,ALLO-AUS-336,Australasia,Australia,LK,KATHE,KatherineWM032_2017,-14.54,132.13,0,29/07/2017,Watermelon,Hand,Syrphidae,Syrphinae,Syrphini,Ischiodon,NA,Ischiodon_scutellaris,Male,0.046,0.038672,0.007328,3.126,1.919904223,15.21,9.341568531
101,Syrphoidea,ALLO-AUS-361,Australasia,Australia,LK,KATHE,Kings producersREF139,-14.52,132.45,0,4/07/2017,Mango,Hand,Syrphidae,Syrphinae,Syrphini,Ischiodon,NA,Ischiodon_scutellaris,Female,0.0429,0.038672,0.004228,3.297,2.024927774,13.367,8.209648031
102,Syrphoidea,ALLO-AUS-380,Australasia,Australia,LK,STANT,StanthorpeAPPLE025_2017,-28.63,151.99,0,3/10/2017,Apple,Hand,Syrphidae,Syrphinae,Syrphini,Melangyna,Austrosyrphus,Melangyna_viridiceps,Female,0.0728,0.067166,0.005634,3.486,2.141006437,13.116,8.055490655
103,Syrphoidea,ALLO-AUS-381,Australasia,Australia,LK,STANT,StanthorpeAPPLE047_2017,-28.51,151.86,0,27/09/2017,Apple,Hand,Syrphidae,Syrphinae,Syrphini,Simosyrphus,NA,Simosyrphus_simsp1,Male,0.0452,0.038672,0.006528,3.718,2.28349453,13.519,8.3030023
104,Syrphoidea,ALLO-AUS-382,Australasia,Australia,LK,STANT,StanthorpeAPPLE042_2017,-28.63,151.99,0,3/10/2017,Apple,Hand,Syrphidae,Syrphinae,Syrphini,Melangyna,Austrosyrphus,Melangyna_viridiceps,Female,0.0727,0.067166,0.005534,2.871,1.763290155,11.369,6.982530745
105,Syrphoidea,ALLO-AUS-383,Australasia,Australia,LK,STANT,StanthorpeAPPLE028_2017,-28.51,151.86,0,27/09/2017,Apple,Hand,Syrphidae,Syrphinae,Syrphini,Simosyrphus,NA,Simosyrphus_simsp1,Male,0.0453,0.038672,0.006628,3.54,2.174171769,12.894,7.91914429
106,Syrphoidea,ALLO-AUS-384,Australasia,Australia,LK,STANT,StanthorpeAPPLE112_2017,-28.62,151.98,0,11/10/2017,Apple,Hand,Syrphidae,Syrphinae,Syrphini,Simosyrphus,NA,Simosyrphus_simsp1,Female,0.0471,0.038672,0.008428,3.427,2.10477024,12.825,7.876766365
107,Syrphoidea,ALLO-AUS-386,Australasia,Australia,LK,STANT,StanthorpeAPPLE103_2017,-28.52,151.9,0,8/10/2017,Apple,Hand,Syrphidae,Syrphinae,Syrphini,Melangyna,Austrosyrphus,Melangyna_viridiceps,Female,0.0451,0.038672,0.006428,3.41,2.094329303,12.994,7.980561571
108,Syrphoidea,ALLO-AUS-387,Australasia,Australia,LK,STANT,StanthorpeAPPLE015_2017,-28.51,151.88,0,26/09/2017,Apple,Hand,Syrphidae,Syrphinae,Syrphini,Simosyrphus,NA,Simosyrphus_simsp1,Female,0.0422,0.038672,0.003528,3.048,1.871998743,11.555,7.096766889
109,Syrphoidea,ALLO-AUS-388,Australasia,Australia,LK,STANT,StanthorpeAPPLE023_2017,-28.51,151.86,0,23/09/2017,Apple,Hand,Syrphidae,Syrphinae,Syrphini,Melangyna,Austrosyrphus,Melangyna_viridiceps,Male,0.0696,0.067166,0.002434,3.105,1.907006594,11.405,7.004640966
110,Syrphoidea,ALLO-AUS-389,Australasia,Australia,LK,STANT,StanthorpeAPPLE092_2017,-28.62,151.98,0,8/10/2017,Apple,Hand,Syrphidae,Syrphinae,Syrphini,Simosyrphus,NA,Simosyrphus_simsp1,Male,0.0745,0.067166,0.007334,3.625,2.226376458,12.791,7.855884489
111,Syrphoidea,ALLO-AUS-390,Australasia,Australia,LK,STANT,StanthorpeAPPLE026_2017,-28.51,151.88,0,26/09/2017,Apple,Hand,Syrphidae,Syrphinae,Syrphini,Melangyna,Austrosyrphus,Melangyna_viridiceps,Male,0.046,0.038672,0.007328,3.348,2.056250588,14.647,8.995789236
112,Syrphoidea,ALLO-AUS-391,Australasia,Australia,LK,STANT,StanthorpeAPPLE024_2017,-28.55,151.89,0,23/09/2017,Apple,Hand,Syrphidae,Syrphinae,Syrphini,Melangyna,Austrosyrphus,Melangyna_viridiceps,Female,0.074,0.067166,0.006834,3.122,1.917447532,12.662,7.776656196
113,Syrphoidea,ALLO-AUS-392,Australasia,Australia,LK,STANT,StanthorpeAPPLE084_2017,-28.53,151.91,0,8/10/2017,Apple,Hand,Syrphidae,Syrphinae,Syrphini,Simosyrphus,NA,Simosyrphus_simsp1,Male,0.0754,0.067166,0.008234,3.715,2.281652011,14.637,8.989647508
114,Syrphoidea,ALLO-AUS-393,Australasia,Australia,LK,STANT,StanthorpeAPPLE016_2017,-28.51,151.88,0,26/09/2017,Apple,Hand,Syrphidae,Syrphinae,Syrphini,Melangyna,Austrosyrphus,Melangyna_viridiceps,Female,0.0439,0.038672,0.005228,3.215,1.974565603,12.352,7.586262623
115,Syrphoidea,ALLO-AUS-394,Australasia,Australia,LK,STANT,StanthorpeAPPLE074_2017,-28.53,151.91,0,5/10/2017,Apple,Hand,Syrphidae,Syrphinae,Syrphini,Melangyna,Austrosyrphus,Melangyna_viridiceps,Female,0.0478,0.038672,0.009128,3.445,2.115825351,13.42,8.242199191
116,Syrphoidea,ALLO-AUS-395,Australasia,Australia,LK,STANT,StanthorpeAPPLE003_2017,-28.51,151.86,0,18/09/2017,Apple,Hand,Syrphidae,Syrphinae,Syrphini,Melangyna,Austrosyrphus,Melangyna_viridiceps,Female,0.0476,0.038672,0.008928,3.832,2.353510231,14.16,8.696687075
117,Syrphoidea,ALLO-AUS-398,Australasia,Australia,LK,STANT,StanthorpeAPPLE069_2017,-28.53,151.91,0,5/10/2017,Apple,Hand,Syrphidae,Syrphinae,Syrphini,Melangyna,Austrosyrphus,Melangyna_viridiceps,Female,0.044,0.038672,0.005328,2.909,1.786628722,13.025,7.999600928
118,Syrphoidea,ALLO-AUS-400,Australasia,Australia,LK,STANT,StanthorpeAPPLE041_2017,-28.63,151.99,0,3/10/2017,Apple,Hand,Syrphidae,Syrphinae,Syrphini,Melangyna,Austrosyrphus,Melangyna_viridiceps,Female,0.0747,0.067166,0.007534,3.968,2.437037734,15.368,9.438607836
119,Syrphoidea,C1Mareeba2016,Australasia,Australia,LK,MAREE,Mareeba,-16.99,145.46,0,1/08/2016,Mango,Hand,Syrphidae,Syrphinae,Syrphini,Simosyrphus,NA,Simosyrphus_simsp1,Female,NA,NA,0.005,2.793,1.715384675,11.179,6.86583791
120,Syrphoidea,C2Mareeba2016,Australasia,Australia,LK,MAREE,Mareeba,-16.99,145.46,0,1/08/2016,Mango,Hand,Syrphidae,Syrphinae,Syrphini,Simosyrphus,NA,Simosyrphus_simsp1,Female,NA,NA,0.0068,3.684,2.262612654,15.354,9.430009417
121,Syrphoidea,C3Mareeba2016,Australasia,Australia,LK,MAREE,Mareeba,-16.99,145.46,0,1/08/2016,Mango,Hand,Syrphidae,Eristalinae,Eristalini,Mesembrius,NA,Mesembrius_messp1,Female,NA,NA,0.0196,5.266,3.234234049,17.173,10.54718977
122,Syrphoidea,C5Mareeba2016,Australasia,Australia,LK,MAREE,Mareeba,-16.99,145.46,0,1/08/2016,Mango,Hand,Syrphidae,Eristalinae,Eristalini,Eristalinus,NA,Eristalinus_erisp3,Male,NA,NA,0.01565,6.863,4.215068036,16.965,10.41944182
123,Syrphoidea,C6Mareeba2016,Australasia,Australia,LK,MAREE,Mareeba,-16.99,145.46,0,1/08/2016,Mango,Hand,Syrphidae,Syrphinae,Syrphini,Simosyrphus,NA,Simosyrphus_simsp1,Male,NA,NA,0.0064,4.754,2.919777567,15.79,9.697788765
124,Syrphoidea,C7Mareeba2016,Australasia,Australia,LK,MAREE,Mareeba,-16.99,145.46,0,1/08/2016,Mango,Hand,Syrphidae,Syrphinae,Syrphini,Allobaccha,NA,Allobaccha_allsp1,Male,NA,NA,0.0026,2.541,1.560613125,12.989,7.977490707
125,Syrphoidea,C8Mareeba2016,Australasia,Australia,LK,MAREE,Mareeba,-16.99,145.46,0,1/08/2016,Mango,Hand,Syrphidae,Eristalinae,Eristalini,Mesembrius,NA,Mesembrius_messp1,Female,NA,NA,0.0149,5.51,3.384092216,16.417,10.08287512
126,Syrphoidea,C11Mareeba2016,Australasia,Australia,LK,MAREE,Mareeba,-16.99,145.46,0,1/08/2016,Mango,Hand,Syrphidae,Eristalinae,Eristalini,Mesembrius,NA,Mesembrius_messp1,Female,NA,NA,0.0108,4.472,2.746580833,15.23,9.353851988
127,Syrphoidea,C12Mareeba2016,Australasia,Australia,LK,MAREE,Mareeba,-16.99,145.46,0,1/08/2016,Mango,Hand,Syrphidae,Eristalinae,Milesiini,Orthoprosopa,NA,Orthoprosopa_ortsp1,Female,NA,NA,0.0034,3.019,1.854187732,12.201,7.493522528
128,Syrphoidea,C13Mareeba2016,Australasia,Australia,LK,MAREE,Mareeba,-16.99,145.46,0,1/08/2016,Mango,Hand,Syrphidae,Eristalinae,Eristalini,Mesembrius,NA,Mesembrius_messp1,Female,NA,NA,0.0145,5.615,3.448580362,16.497,10.13200895
129,Syrphoidea,C16Mareeba2016,Australasia,Australia,LK,MAREE,Mareeba,-16.99,145.46,0,1/08/2016,Mango,Hand,Syrphidae,Syrphinae,Syrphini,Simosyrphus,NA,Simosyrphus_simsp1,Male,NA,NA,0.0044,3.441,2.11336866,15.2106,9.341937035
130,Syrphoidea,C17Mareeba2016,Australasia,Australia,LK,MAREE,Mareeba,-16.99,145.46,0,1/08/2016,Mango,Hand,Syrphidae,Eristalinae,Eristalini,Mesembrius,NA,Mesembrius_messp1,Female,NA,NA,0.0256,6.766,4.155493273,19.365,11.89345658
131,Syrphoidea,IRE20170113,Europe,Ireland,LR,DUBLIN,South DublinUCD 3,53.31,-6.23,0,5/07/2017,Phacelia tanacetifolia,Hand,Syrphidae,Syrphinae,Bacchini ,Melanostoma,NA,Melanostoma_mellinum,Male,0.0415,0.037233333,0.004266667,1.7,1.7,8.7,8.7
132,Syrphoidea,IRE20170171,Europe,Ireland,LR,DUBLIN,South DublinGNI 1,53.29,-6.42,0,14/07/2017,Hypochaeris radicata,Hand,Syrphidae,Syrphinae,Bacchini ,Melanostoma,NA,Melanostoma_mellinum,Male,0.0406,0.037233333,0.003366667,1.8,1.8,8.1,8.1
133,Syrphoidea,IRE20170397,Europe,Ireland,LR,DUBLIN,South DublinUCD 3,53.31,-6.23,0,30/06/2017,Phacelia tanacetifolia,Hand,Syrphidae,Syrphinae,Bacchini ,Melanostoma,NA,Melanostoma_mellinum,Male,0.0412,0.037233333,0.003966667,1.7,1.7,8.5,8.5
134,Syrphoidea,IRE20170023,Europe,Ireland,LR,DUBLIN,South DublinUCD 3,53.31,-6.23,0,12/07/2017,Phacelia tanacetifolia,Hand,Syrphidae,Syrphinae,Syrphini,Meliscaeva,NA,Meliscaeva_auricollis,Female,0.0397,0.037233333,0.002466667,2,2,8,8
135,Syrphoidea,IRE20170191,Europe,Ireland,LR,DUBLIN,South DublinGNI 4,53.29,-6.42,0,1/08/2017,Oregano vulgare,Hand,Syrphidae,Eristalinae,Eristalini,Myathropa,NA,Myathropa_florea,Female,0.0539,0.037233333,0.016666667,4.1,4.1,13.1,13.1
136,Syrphoidea,IRE20170271,Europe,Ireland,LR,DUBLIN,South DublinUCD 4,53.31,-6.23,0,25/07/2017,Hypochaeris radicata,Hand,Syrphidae,Eristalinae,Eristalini,Myathropa,NA,Myathropa_florea,Female,0.074,0.037233333,0.036766667,4.9,4.9,13.1,13.1
137,Syrphoidea,IRE20170012,Europe,Ireland,LR,DUBLIN,South DublinGNI 3,53.29,-6.42,0,20/06/2017,Hypochaeris radicata,Hand,Syrphidae,Syrphinae,Bacchini ,Platycheirus,NA,Platycheirus_albimanus,Female,0.042,0.037233333,0.004766667,2,2,8.1,8.1
138,Syrphoidea,IRE20170026,Europe,Ireland,LR,DUBLIN,South DublinUCD 1,53.31,-6.23,0,5/07/2017,Hypochaeris radicata,Hand,Syrphidae,Syrphinae,Bacchini ,Platycheirus,NA,Platycheirus_albimanus,Male,0.0401,0.037233333,0.002866667,1.8,1.8,8.6,8.6
139,Syrphoidea,IRE20170353,Europe,Ireland,LR,DUBLIN,South DublinUCD 4,53.31,-6.23,0,30/06/2017,Phacelia tanacetifolia,Hand,Syrphidae,Syrphinae,Bacchini ,Platycheirus,NA,Platycheirus_albimanus,Male,0.0409,0.037233333,0.003666667,2,2,8.7,8.7
140,Syrphoidea,IRE20170361,Europe,Ireland,LR,DUBLIN,South DublinUCD 4,53.31,-6.23,0,5/07/2017,Phacelia tanacetifolia,Hand,Syrphidae,Syrphinae,Bacchini ,Platycheirus,NA,Platycheirus_albimanus,Female,0.0396,0.037233333,0.002366667,1.8,1.8,7.9,7.9
141,Syrphoidea,IRE20170391,Europe,Ireland,LR,DUBLIN,South DublinUCD 2,53.31,-6.23,0,30/06/2017,Phacelia tanacetifolia,Hand,Syrphidae,Syrphinae,Bacchini ,Platycheirus,NA,Platycheirus_albimanus,Male,0.0415,0.037233333,0.004266667,2.2,2.2,8.6,8.6
142,Syrphoidea,IRE20170521,Europe,Ireland,LR,DUBLIN,South DublinGNI 4,53.29,-6.42,0,6/09/2017,Hypochaeris radicata,Hand,Syrphidae,Syrphinae,Bacchini ,Platycheirus,NA,Platycheirus_albimanus,Female,0.0403,0.037233333,0.003066667,1.5,1.5,6.5,6.5
143,Syrphoidea,IRE20170396,Europe,Ireland,LR,DUBLIN,South DublinUCD 3,53.31,-6.23,0,30/06/2017,Phacelia tanacetifolia,Hand,Syrphidae,Eristalinae,Brachyopini,Ripponesia,NA,Ripponesia_splendens,Female,0.0413,0.037233333,0.004066667,1.9,1.9,6.5,6.5
144,Syrphoidea,IRE20170137,Europe,Ireland,LR,DUBLIN,South DublinGNI 3,53.29,-6.42,0,24/07/2017,Plantago lanceolata,Hand,Syrphidae,Syrphinae,Syrphini,Scaeva,NA,Scaeva_pyrastri,Female,0.0659,0.037233333,0.028666667,3.1,3.1,12.5,12.5
145,Syrphoidea,IRE20170028,Europe,Ireland,LR,DUBLIN,South DublinGNI 1,53.29,-6.42,0,6/07/2017,Hypochaeris radicata,Hand,Syrphidae,Syrphinae,Syrphini,Sphaerophoria,NA,Sphaerophoria_scripta,Male,0.0527,0.037233333,0.015466667,2.2,2.2,13.5,13.5
146,Syrphoidea,IRE20170089,Europe,Ireland,LR,DUBLIN,South DublinTCD 1,53.31,-6.26,0,1/07/2017,Hypochaeris radicata,Hand,Syrphidae,Syrphinae,Syrphini,Sphaerophoria,NA,Sphaerophoria_scripta,Male,0.0414,0.037233333,0.004166667,1.8,1.8,11.8,11.8
147,Syrphoidea,IRE20170235,Europe,Ireland,LR,DUBLIN,South DublinUCD 2,53.31,-6.23,0,24/07/2017,Hypochaeris radicata,Hand,Syrphidae,Syrphinae,Syrphini,Sphaerophoria,NA,Sphaerophoria_scripta,Male,0.0408,0.037233333,0.003566667,1.6,1.6,10.1,10.1
148,Syrphoidea,IRE20170523,Europe,Ireland,LR,DUBLIN,South DublinTCD 1,53.31,-6.26,0,30/08/2017,Filipendula ulmaria,Hand,Syrphidae,Eristalinae,Milesiini,Syritta,NA,Syritta_pipiens,Female,0.0441,0.037233333,0.006866667,1.9,1.9,9.3,9.3
149,Syrphoidea,IRE20170015,Europe,Ireland,LR,DUBLIN,South DublinGNI 3,53.29,-6.42,0,4/07/2017,Phacelia tanacetifolia,Hand,Syrphidae,Syrphinae,Syrphini,Syrphus,NA,Syrphus_ribesii,Male,0.047,0.037233333,0.009766667,2.9,2.9,9.2,9.2
150,Syrphoidea,IRE20170130,Europe,Ireland,LR,DUBLIN,South DublinUCD 4,53.31,-6.23,0,24/07/2017,Hypochaeris radicata,Hand,Syrphidae,Syrphinae,Syrphini,Syrphus,NA,Syrphus_ribesii,Female,0.0631,0.037233333,0.025866667,3.6,3.6,12.4,12.4
151,Syrphoidea,IRE20170131,Europe,Ireland,LR,DUBLIN,South DublinUCD 4,53.31,-6.23,0,24/07/2017,Hypochaeris radicata,Hand,Syrphidae,Syrphinae,Syrphini,Syrphus,NA,Syrphus_ribesii,Female,0.0612,0.037233333,0.023966667,3.5,3.5,11.5,11.5
152,Syrphoidea,IRE20170178,Europe,Ireland,LR,DUBLIN,South DublinGNI 2,53.29,-6.42,0,27/06/2017,Phacelia tanacetifolia,Hand,Syrphidae,Syrphinae,Syrphini,Syrphus,NA,Syrphus_ribesii,Male,0.0575,0.046966667,0.010533333,3.5,3.5,10.6,10.6
153,Syrphoidea,IRE20170306,Europe,Ireland,LR,DUBLIN,South DublinTCD 1,53.31,-6.26,0,1/09/2017,Filipendula ulmaria,Hand,Syrphidae,Syrphinae,Syrphini,Syrphus,NA,Syrphus_ribesii,Female,0.057,0.037233333,0.019766667,3.4,3.4,12.2,12.2
154,Syrphoidea,IRE20170322,Europe,Ireland,LR,DUBLIN,South DublinUCD 3,53.31,-6.23,0,5/07/2017,Filipendula ulmaria,Hand,Syrphidae,Syrphinae,Syrphini,Syrphus,NA,Syrphus_ribesii,Male,0.0457,0.037233333,0.008466667,3,3,9.7,9.7
155,Syrphoidea,IRE20170422,Europe,Ireland,LR,DUBLIN,South DublinGNI 4,53.29,-6.42,0,6/07/2017,Hypochaeris radicata,Hand,Syrphidae,Syrphinae,Syrphini,Chrysotoxum,NA,Chrysotoxum_bicinctum,Female,0.0565,0.037233333,0.019266667,3.3,3.3,11.2,11.2
156,Syrphoidea,IRE20170018,Europe,Ireland,LR,DUBLIN,South DublinUCD 3,53.31,-6.23,0,7/07/2017,Phacelia tanacetifolia,Hand,Syrphidae,Syrphinae,Syrphini,Episyrphus,NA,Episyrphus_balteatus,Female,0.0546,0.046966667,0.007633333,2.4,2.4,9.8,9.8
157,Syrphoidea,IRE20170030,Europe,Ireland,LR,DUBLIN,South DublinGNI 1,53.29,-6.42,0,6/07/2017,Hypochaeris radicata,Hand,Syrphidae,Syrphinae,Syrphini,Episyrphus,NA,Episyrphus_balteatus,Female,0.0531,0.046966667,0.006133333,2.4,2.4,9.8,9.8
158,Syrphoidea,IRE20170117,Europe,Ireland,LR,DUBLIN,South DublinUCD 3,53.31,-6.23,0,3/08/2017,Hypochaeris radicata,Hand,Syrphidae,Syrphinae,Syrphini,Episyrphus,NA,Episyrphus_balteatus,Male,0.0437,0.037233333,0.006466667,3,3,10,10
159,Syrphoidea,IRE20170186,Europe,Ireland,LR,DUBLIN,South DublinTCD 2,53.31,-6.26,0,18/07/2017,Cirsium vulgare,Hand,Syrphidae,Syrphinae,Syrphini,Episyrphus,NA,Episyrphus_balteatus,Male,0.0435,0.037233333,0.006266667,3.1,3.1,10,10
160,Syrphoidea,IRE20170227,Europe,Ireland,LR,DUBLIN,South DublinUCD 3,53.31,-6.23,0,24/07/2017,Phacelia tanacetifolia,Hand,Syrphidae,Syrphinae,Syrphini,Episyrphus,NA,Episyrphus_balteatus,Female,0.0478,0.037233333,0.010566667,2.3,2.3,8.6,8.6
161,Syrphoidea,IRE20170541,Europe,Ireland,LR,DUBLIN,South DublinTCD 1,53.31,-6.26,0,1/09/2017,Hypochaeris radicata,Hand,Syrphidae,Syrphinae,Syrphini,Episyrphus,NA,Episyrphus_balteatus,Male,0.0405,0.037233333,0.003266667,2.1,2.1,8.4,8.4
162,Syrphoidea,IRE20170309,Europe,Ireland,LR,DUBLIN,South DublinUCD 4,53.31,-6.23,0,5/09/2017,Hypochaeris radicata,Hand,Syrphidae,Eristalinae,Eristalini,Eristalis,NA,Eristalis_tenax,Male,0.0638,0.037233333,0.026566667,4.1,4.1,13,13
163,Syrphoidea,IRE20170538,Europe,Ireland,LR,DUBLIN,South DublinTCD 1,53.31,-6.26,0,1/09/2017,Hypochaeris radicata,Hand,Syrphidae,Eristalinae,Eristalini,Eristalis,NA,Eristalis_tenax,Male,0.0681,0.037233333,0.030866667,5,5,14.5,14.5
164,Syrphoidea,IRE20170545,Europe,Ireland,LR,DUBLIN,South DublinTCD 1,53.31,-6.26,0,1/09/2017,Hypochaeris radicata,Hand,Syrphidae,Eristalinae,Eristalini,Eristalis,NA,Eristalis_tenax,Female,0.0657,0.037233333,0.028466667,4.4,4.4,13.3,13.3
165,Syrphoidea,IRE20170078,Europe,Ireland,LR,DUBLIN,South DublinUCD 2,53.31,-6.23,0,5/07/2017,Phacelia tanacetifolia,Hand,Syrphidae,Syrphinae,Syrphini,Eupeodes,NA,Eupeodes_luniger,Female,0.0597,0.037233333,0.022466667,2.3,2.3,9.5,9.5
166,Syrphoidea,IRE20170254,Europe,Ireland,LR,DUBLIN,South DublinUCD 1,53.31,-6.23,0,16/06/2017,Phacelia tanacetifolia,Hand,Syrphidae,Syrphinae,Syrphini,Eupeodes,NA,Eupeodes_luniger,Female,0.0524,0.037233333,0.015166667,3,3,11.3,11.3
167,Syrphoidea,IRE20170260,Europe,Ireland,LR,DUBLIN,South DublinGNI 2,53.29,-6.42,0,27/06/2017,Plantago lanceolata,Hand,Syrphidae,Syrphinae,Syrphini,Eupeodes,NA,Eupeodes_corollae,Female,0.0408,0.037233333,0.003566667,2.1,2.1,8,8
168,Syrphoidea,IRE20170487,Europe,Ireland,LR,DUBLIN,South DublinGNI 3,53.29,-6.42,0,27/06/2017,Phacelia tanacetifolia,Hand,Syrphidae,Syrphinae,Syrphini,Eupeodes,NA,Eupeodes_luniger,Female,0.0469,0.037233333,0.009666667,2.9,2.9,10,10
169,Syrphoidea,IRE20170580,Europe,Ireland,LR,DUBLIN,South DublinTCD 2,53.31,-6.26,0,16/07/2017,Hypochaeris radicata,Hand,Syrphidae,Eristalinae,Rhingini,Ferdinandea,NA,Ferdinandea_cuprea,Female,0.0525,0.037233333,0.015266667,3.5,3.5,10.1,10.1
170,Syrphoidea,ALLO-SWI-386,Europe,Switzerland,LK,Zurich,motsch,47.3769,8.5417,0,24/08/2016,NA,Pan_trap,Syrphidae,,,Helophilus,NA,Helophilus_pendulus,Female,63.37,0.031179,0.032191,3.537,3.537,NA,NA
171,Syrphoidea,ALLO-SWI-362,Europe,Switzerland,LK,Zurich,Hinwil,47.3769,8.5417,0,29/07/2016,NA,Pan_trap,Syrphidae,,,Eristalis,NA,Eristalis_interrupta,Female,74.82,0.031179,0.043641,4.016,4.016,NA,NA
172,Syrphoidea,ALLO-SWI-262,Europe,Switzerland,LK,Zurich,Wohl,47.3769,8.5417,0,24/08/2016,NA,Pan_trap,Syrphidae,,,Eristalis,NA,Eristalis_interrupta,Female,57.09,0.031179,0.025911,2.933,2.933,NA,NA
173,Syrphoidea,ALLO-SWI-336,Europe,Switzerland,LK,Zurich,Suberg,47.3769,8.5417,0,3/08/2016,NA,Pan_trap,Syrphidae,,,Eristalis,NA,Eristalis_interrupta,Female,66.14,0.031179,0.034961,3.685,3.685,NA,NA
174,Syrphoidea,ALLO-SWI-261,Europe,Switzerland,LK,Zurich,Wohl,47.3769,8.5417,0,3/08/2016,NA,Pan_trap,Syrphidae,,,Eristalis,NA,Eristalis_interrupta,Female,63.98,0.031179,0.032801,3.266,3.266,NA,NA
175,Syrphoidea,ALLO-SWI-312,Europe,Switzerland,LK,Zurich,Suberg,47.3769,8.5417,0,3/08/2016,NA,Pan_trap,Syrphidae,,,Eristalis,NA,Eristalis_interrupta,Male,50.76,0.031179,0.019581,3.289,3.289,NA,NA
176,Syrphoidea,ALLO-SWI-287,Europe,Switzerland,LK,Zurich,hinwil,47.3769,8.5417,0,29/07/2016,NA,Pan_trap,Syrphidae,,,Eristalis,NA,Eristalis_interrupta,Female,63.03,0.031179,0.031851,3.553,3.553,NA,NA
177,Syrphoidea,ALLO-SWI-411,Europe,Switzerland,LK,Zurich,Seegrab,47.3769,8.5417,0,29/07/2016,NA,Pan_trap,Syrphidae,,,Syritta,NA,Syritta_pipiens,Male,24.53,0.021706,0.002824,1.471,1.471,NA,NA
178,Syrphoidea,ALLO-SWI-387,Europe,Switzerland,LK,Zurich,Buch Gr,47.3769,8.5417,0,29/07/2016,NA,Pan_trap,Syrphidae,,,Syritta,NA,Syritta_pipiens,Female,26.06,0.021706,0.004354,1.502,1.502,NA,NA
179,Syrphoidea,ALLO-SWI-286,Europe,Switzerland,LK,Zurich,Mandch,47.3769,8.5417,0,23/08/2016,NA,Pan_trap,Syrphidae,,,Syritta,NA,Syritta_pipiens,Male,24,0.021706,0.002294,1.301,1.301,NA,NA
180,Syrphoidea,ALLO-SWI-360,Europe,Switzerland,LK,Zurich,Buch Gr,47.3769,8.5417,0,29/07/2016,NA,Pan_trap,Syrphidae,,,Syritta,NA,Syritta_pipiens,Male,27.1,0.021706,0.005394,1.772,1.772,NA,NA
181,Syrphoidea,ALLO-SWI-385,Europe,Switzerland,LK,Zurich,Seegrab,47.3769,8.5417,0,8/07/2016,NA,Pan_trap,Syrphidae,,,Eupeodes,NA,Eupeodes_corollae,Male,44.8,0.031179,0.013621,1.888,1.888,NA,NA
182,Syrphoidea,ALLO-SWI-310,Europe,Switzerland,LK,Zurich,Wohl,47.3769,8.5417,0,9/07/2016,NA,Pan_trap,Syrphidae,,,Syritta,NA,Syritta_pipiens,Male,40.8,0.031179,0.009621,1.563,1.563,NA,NA
183,Syrphoidea,ALLO-SWI-260,Europe,Switzerland,LK,Zurich,Wadi,47.3769,8.5417,0,27/08/2016,NA,Pan_trap,Syrphidae,,,Syritta,NA,Syritta_pipiens,Male,24.3,0.021706,0.002594,1.478,1.478,NA,NA
184,Syrphoidea,ALLO-SWI-335,Europe,Switzerland,LK,Zurich,Wohl,47.3769,8.5417,0,24/08/2016,NA,Pan_trap,Syrphidae,,,Syritta,NA,Syritta_pipiens,Female,42.9,0.031179,0.011721,1.819,1.819,NA,NA
185,Syrphoidea,ALLO-SWI-410,Europe,Switzerland,LK,Zurich,Wohl,47.3769,8.5417,0,3/08/2016,NA,Pan_trap,Syrphidae,,,Lejogaster,NA,Lejogaster_metallina,Female,22.7,0.021706,0.000994,1.371,1.371,NA,NA
186,Syrphoidea,ALLO-SWI-285,Europe,Switzerland,LK,Zurich,Wadi,47.3769,8.5417,0,10/07/2016,NA,Pan_trap,Syrphidae,,,Syritta,NA,syritta_pipiens,Male,24.2,0.021706,0.002494,1.323,1.323,NA,NA
187,Syrphoidea,ALLO-SWI-210,Europe,Switzerland,LK,Zurich,Zeining,47.3769,8.5417,0,22/06/2016,NA,Pan_trap,Syrphidae,,,Syritta,NA,Syritta_pipiens,Female,26.6,0.021706,0.004894,1.811,1.811,NA,NA
188,Syrphoidea,ALLO-SWI-223,Europe,Switzerland,LK,Zurich,Buch Gr,47.3769,8.5417,0,29/07/2016,NA,Pan_trap,Syrphidae,,,Eristalis,NA,Eristalis_arbustorum,Female,52.7,0.031179,0.021521,2.825,2.825,NA,NA
189,Syrphoidea,ALLO-SWI-216,Europe,Switzerland,LK,Zurich,Wohl,47.3769,8.5417,0,3/08/2016,NA,Pan_trap,Syrphidae,,,Eristalis,NA,Eristalis_arbustorum,Male,52.4,0.031179,0.021221,3.304,3.304,NA,NA
190,Syrphoidea,ALLO-SWI-218,Europe,Switzerland,LK,Zurich,Hinwil,47.3769,8.5417,0,29/07/2016,NA,Pan_trap,Syrphidae,,,Platycheirus,NA,Platycheirus_clypeatus,Male',23.2,0.021706,0.001494,1.564,1.564,NA,NA
191,Syrphoidea,ALLO-SWI-231,Europe,Switzerland,LK,Zurich,Motsch,47.3769,8.5417,0,3/08/2016,NA,Pan_trap,Syrphidae,,,Myathropa,NA,Myathropa_florea,Female,64.2,0.031179,0.033021,3.676,3.676,NA,NA
192,Syrphoidea,ALLO-SWI-221,Europe,Switzerland,LK,Zurich,Wohl,47.3769,8.5417,0,3/08/2016,NA,Pan_trap,Syrphidae,,,Eristalis,NA,Eristalis_arbustorum,Male,52.2,0.031179,0.021021,3.437,3.437,NA,NA
193,Syrphoidea,ALLO-SWI-215,Europe,Switzerland,LK,Zurich,Hellikon,47.3769,8.5417,0,30/07/2016,NA,Pan_trap,Syrphidae,,,Eristalis,NA,Eristalis_arbustorum,Male,56.8,0.031179,0.025621,3.157,3.157,NA,NA
194,Syrphoidea,ALLO-SWI-219,Europe,Switzerland,LK,Zurich,Wohl,47.3769,8.5417,0,24/08/2016,NA,Pan_trap,Syrphidae,,,Eristalis,NA,Eristalis_arbustorum,Male,52.3,0.031179,0.021121,3.382,3.382,NA,NA
195,Syrphoidea,ALLO-SWI-212,Europe,Switzerland,LK,Zurich,Wohl,47.3769,8.5417,0,24/08/2016,NA,Pan_trap,Syrphidae,,,Eristalis,NA,Eristalis_arbustorum,Male,46,0.031179,0.014821,2.848,2.848,NA,NA
196,Syrphoidea,ALLO-SWI-230,Europe,Switzerland,LK,Zurich,Leng,47.3769,8.5417,0,7/07/2016,NA,Pan_trap,Syrphidae,,,Platycheirus,NA,Platycheirus_clypeatus,Female,41.4,0.031179,0.010221,1.455,1.455,NA,NA
197,Syrphoidea,ALLO-SWI-226,Europe,Switzerland,LK,Zurich,Auswil,47.3769,8.5417,0,3/08/2016,NA,Pan_trap,Syrphidae,,,Platycheirus,NA,Platycheirus_clypeatus,Female,41.1,0.031179,0.009921,1.489,1.489,NA,NA
198,Syrphoidea,ALLO-SWI-213,Europe,Switzerland,LK,Zurich,Auswil,47.3769,8.5417,0,3/08/2016,NA,Pan_trap,Syrphidae,,,Platycheirus,NA,Platycheirus_clypeatus,Male,39.7,0.031179,0.008521,1.657,1.657,NA,NA
199,Syrphoidea,ALLO-SWI-225,Europe,Switzerland,LK,Zurich,Berg,47.3769,8.5417,0,6/06/2016,NA,Pan_trap,Syrphidae,,,Platycheirus,NA,Platycheirus_albimanus,Female,27.5,0.021706,0.005794,1.772,1.772,NA,NA
200,Syrphoidea,ALLO-SWI-211,Europe,Switzerland,LK,Zurich,Berg,47.3769,8.5417,0,8/07/2016,NA,Pan_trap,Syrphidae,,,Eristalis,NA,Eristalis_arbustorum,Female,42.8,0.021706,0.021094,3.42,3.42,NA,NA
201,Syrphoidea,ALLO-SWI-214,Europe,Switzerland,LK,Zurich,Berg,47.3769,8.5417,0,25/08/2016,NA,Pan_trap,Syrphidae,,,Cheilosia,NA,Cheilosia_sp1,Female,28.4,0.021706,0.006694,2.229,2.229,NA,NA
202,Syrphoidea,ALLO-SWI-217,Europe,Switzerland,LK,Zurich,Zetzwil,47.3769,8.5417,0,7/07/2016,NA,Pan_trap,Syrphidae,,,Platycheirus,NA,Platycheirus_clypeatus,Male,22.4,0.021706,0.000694,1.21,1.21,NA,NA
203,Syrphoidea,ALLO-SWI-229,Europe,Switzerland,LK,Zurich,Berg,47.3769,8.5417,0,25/08/2016,NA,Pan_trap,Syrphidae,,,Cheilosia,NA,Cheilosia_sp1,Male,26,0.021706,0.004294,2.295,2.295,NA,NA
204,Syrphoidea,ALLO-SWI-227,Europe,Switzerland,LK,Zurich,Berg,47.3769,8.5417,0,8/07/2016,NA,Pan_trap,Syrphidae,,,Cheilosia,NA,Cheilosia_sp1,Female,24.4,0.021706,0.002694,1.702,1.702,NA,NA
205,Syrphoidea,ALLO-SWI-224,Europe,Switzerland,LK,Zurich,Auswil,47.3769,8.5417,0,3/08/2016,NA,Pan_trap,Syrphidae,,,Platycheirus,NA,Platycheirus_clypeatus,Female,24,0.021706,0.002294,1.346,1.346,NA,NA
206,Syrphoidea,ALLO-SWI-222,Europe,Switzerland,LK,Zurich,Mandch,47.3769,8.5417,0,28/06/2016,NA,Pan_trap,Syrphidae,,,Platycheirus,NA,Platycheirus_albimanus,Female,24.9,0.021706,0.003194,1.835,1.835,NA,NA
207,Syrphoidea,ALLO-SWI-228,Europe,Switzerland,LK,Zurich,Motsch,47.3769,8.5417,0,24/08/2016,NA,Pan_trap,Syrphidae,,,Platycheirus,NA,Platycheirus_clypeatus,Female,42.8,0.031179,0.011621,1.509,1.509,NA,NA
208,Syrphoidea,ALLO-SWI-220,Europe,Switzerland,LK,Zurich,Motsch,47.3769,8.5417,0,20/05/2016,NA,Pan_trap,Syrphidae,,,Cheilosia,NA,Cheilosia_sp1,Female,52.7,0.031179,0.021521,2.655,2.655,NA,NA
209,Syrphoidea,ALLO-SWI-232,Europe,Switzerland,LK,Zurich,Zeining,47.3769,8.5417,0,22/06/2016,NA,Pan_trap,Syrphidae,,,Cheilosia,NA,Cheilosia_sp1,Male,27,0.021706,0.005294,2.208,2.208,NA,NA
210,Syrphoidea,ALLO-SWI-39,Europe,Switzerland,LK,Zurich,Seegrab,47.3769,8.5417,0,28/06/2016,NA,Pan_trap,Syrphidae,,,Episyrphus,NA,Episyrphus_balteatus,Female,23.7,0.021706,0.001994,2.113,2.113,NA,NA
211,Syrphoidea,ALLO-SWI-97,Europe,Switzerland,LK,Zurich,Mandch,47.3769,8.5417,0,23/08/2016,NA,Pan_trap,Syrphidae,,,Episyrphus,NA,Episyrphus_balteatus,Female,48.4,0.031179,0.017221,2.377,2.377,NA,NA
212,Syrphoidea,ALLO-SWI-2,Europe,Switzerland,LK,Zurich,Zeining,47.3769,8.5417,0,22/06/2016,NA,Pan_trap,Syrphidae,,,Episyrphus,NA,Episyrphus_balteatus,Female,27.4,0.021706,0.005694,2.322,2.322,NA,NA
213,Syrphoidea,ALLO-SWI-89,Europe,Switzerland,LK,Zurich,MZ B1,47.3769,8.5417,0,,NA,Pan_trap,Syrphidae,,,Episyrphus,NA,Episyrphus_balteatus,Male,25.4,0.021706,0.003694,1.88,1.88,NA,NA
214,Syrphoidea,ALLO-SWI-11,Europe,Switzerland,LK,Zurich,Buch Gr,47.3769,8.5417,0,29/07/2016,NA,Pan_trap,Syrphidae,,,Episyrphus,NA,Episyrphus_balteatus,Female,44.6,0.031179,0.013421,2.446,2.446,NA,NA
215,Syrphoidea,ALLO-SWI-9,Europe,Switzerland,LK,Zurich,Zeining,47.3769,8.5417,0,22/06/2016,NA,Pan_trap,Syrphidae,,,Episyrphus,NA,Episyrphus_balteatus,Female,25.4,0.021706,0.003694,2.362,2.362,NA,NA
216,Syrphoidea,ALLO-SWI-5,Europe,Switzerland,LK,Zurich,Wohl,47.3769,8.5417,0,24/08/2016,NA,Pan_trap,Syrphidae,,,Episyrphus,NA,Episyrphus_balteatus,Female,41.4,0.031179,0.010221,1.873,1.873,NA,NA
217,Syrphoidea,ALLO-SWI-54,Europe,Switzerland,LK,Zurich,Mandch,47.3769,8.5417,0,28/06/2016,NA,Pan_trap,Syrphidae,,,Episyrphus,NA,Episyrphus_balteatus,Female,39.9,0.021706,0.018194,2.209,2.209,NA,NA
218,Syrphoidea,ALLO-SWI-45,Europe,Switzerland,LK,Zurich,Mandchj,47.3769,8.5417,0,23/08/2016,NA,Pan_trap,Syrphidae,,,Episyrphus,NA,Episyrphus_balteatus,Male,42.4,0.031179,0.011221,2.324,2.324,NA,NA
219,Syrphoidea,ALLO-SWI-79,Europe,Switzerland,LK,Zurich,Zeining,47.3769,8.5417,0,30/07/2016,NA,Pan_trap,Syrphidae,,,Orthonevra,NA,Orthonevra_brevicornis,Female,25.2,0.021706,0.003494,1.705,1.705,NA,NA
220,Syrphoidea,ALLO-SWI-46,Europe,Switzerland,LK,Zurich,Zetzwil,47.3769,8.5417,0,23/08/2016,NA,Pan_trap,Syrphidae,,,Paragus,NA,Paragus_haemorrhous,Female,22.5,0.021706,0.000794,1.091,1.091,NA,NA
221,Syrphoidea,ALLO-SWI-103,Europe,Switzerland,LK,Zurich,Motsch,47.3769,8.5417,0,3/08/2016,NA,Pan_trap,Syrphidae,,,Paragus,NA,Paragus_haemorrhous,Female,22.2,0.021706,0.000494,1.13,1.13,NA,NA
222,Syrphoidea,ALLO-SWI-81,Europe,Switzerland,LK,Zurich,Buch Gr,47.3769,8.5417,0,8/07/2016,NA,Pan_trap,Syrphidae,,,Scaeva,NA,Scaeva_pyrastri,Female,43.5,0.021706,0.021794,3.098,3.098,NA,NA
223,Syrphoidea,ALLO-SWI-24,Europe,Switzerland,LK,Zurich,Wohl,47.3769,8.5417,0,24/08/2016,NA,Pan_trap,Syrphidae,,,Xanthogramma,NA,Xanthogramma_pedissequum,Female,48.8,0.031179,0.017621,2.531,2.531,NA,NA
224,Syrphoidea,ALLO-SWI-64,Europe,Switzerland,LK,Zurich,MZ A2,47.3769,8.5417,0,8/07/2016,NA,Pan_trap,Syrphidae,,,Pipiza,NA,Pipiza_noctiluca,Female,44.8,0.031179,0.013621,2.244,2.244,NA,NA
225,Syrphoidea,ALLO-SWI-25,Europe,Switzerland,LK,Zurich,Zetzwil,47.3769,8.5417,0,23/08/2016,NA,Pan_trap,Syrphidae,,,Melanostoma,NA,Melanostoma_scalare,Female,24.4,0.021706,0.002694,1.509,1.509,NA,NA
226,Syrphoidea,ALLO-SWI-26,Europe,Switzerland,LK,Zurich,Schinz,47.3769,8.5417,0,7/07/2016,NA,Pan_trap,Syrphidae,,,Melanostoma,NA,Melanostoma_scalare,Female,41.9,0.031179,0.010721,1.587,1.587,NA,NA
227,Syrphoidea,ALLO-SWI-110,Europe,Switzerland,LK,Zurich,Seegrab,47.3769,8.5417,0,29/07/2016,NA,Pan_trap,Syrphidae,,,Platycheirus,NA,Platycheirus_clypeatus,Female,27.4,0.021706,0.005694,1.557,1.557,NA,NA
228,Syrphoidea,ALLO-SWI-63,Europe,Switzerland,LK,Zurich,Seegrab,47.3769,8.5417,0,6/06/2016,NA,Pan_trap,Syrphidae,,,Xanthogramma,NA,Xanthogramma_pedissequum,Female,32.4,0.021706,0.010694,2.539,2.539,NA,NA
229,Syrphoidea,ALLO-SWI-22,Europe,Switzerland,LK,Zurich,Wohl,47.3769,8.5417,0,24/08/2016,NA,Pan_trap,Syrphidae,,,Eristalis,NA,Eristalis_pertinax,Male,58.8,0.031179,0.027621,3.615,3.615,NA,NA
230,Syrphoidea,ALLO-SWI-91,Europe,Switzerland,LK,Zurich,Mandch,47.3769,8.5417,0,23/08/2016,NA,Pan_trap,Syrphidae,,,Xylota,NA,Xylota_segnis,Female,48.3,0.031179,0.017121,2.267,2.267,NA,NA
231,Syrphoidea,ALLO-SWI-111,Europe,Switzerland,LK,Zurich,Wohl,47.3769,8.5417,0,23/06/2016,NA,Pan_trap,Syrphidae,,,Melanostoma,NA,Melanostoma_scalare,Male,23,0.021706,0.001294,1.603,1.603,NA,NA
232,Syrphoidea,ALLO-SWI-115,Europe,Switzerland,LK,Zurich,MZ B1,47.3769,8.5417,0,8/07/2016,NA,Pan_trap,Syrphidae,,,Melanostoma,NA,Melanostoma_scalare,Male,25.3,0.021706,0.003594,1.85,1.85,NA,NA
233,Syrphoidea,ALLO-SWI-29,Europe,Switzerland,LK,Zurich,Leng,47.3769,8.5417,0,23/08/2016,NA,Pan_trap,Syrphidae,,,Melanostoma,NA,Melanostoma_scalare,Female,23.2,0.021706,0.001494,1.377,1.377,NA,NA
234,Syrphoidea,ALLO-SWI-92,Europe,Switzerland,LK,Zurich,Seon,47.3769,8.5417,0,7/07/2016,NA,Pan_trap,Syrphidae,,,Melanostoma,NA,Melanostoma_mellinum,Male,24.5,0.021706,0.002794,1.571,1.571,NA,NA
235,Syrphoidea,ALLO-SWI-47,Europe,Switzerland,LK,Zurich,Zetzwil,47.3769,8.5417,0,23/08/2016,NA,Pan_trap,Syrphidae,,,Paragus,NA,Paragus_sp1,Female,23.4,0.021706,0.001694,1.192,1.192,NA,NA
236,Syrphoidea,ALLO-SWI-37,Europe,Switzerland,LK,Zurich,Buch Gr,47.3769,8.5417,0,29/07/2016,NA,Pan_trap,Syrphidae,,,Paragus,NA,Paragus_sp1,Female,24.3,0.021706,0.002594,1.401,1.401,NA,NA
237,Syrphoidea,ALLO-SWI-70,Europe,Switzerland,LK,Zurich,MZ B1,47.3769,8.5417,0,8/07/2016,NA,Pan_trap,Syrphidae,,,Melanostoma,NA,Melanostoma_scalare,Female,29.3,0.021706,0.007594,1.687,1.687,NA,NA
238,Syrphoidea,ALLO-SWI-73,Europe,Switzerland,LK,Zurich,Wohl,47.3769,8.5417,0,23/06/2016,NA,Pan_trap,Syrphidae,,,Melanostoma,NA,Melanostoma_scalare,Female,25.9,0.021706,0.004194,1.693,1.693,NA,NA
239,Syrphoidea,ALLO-SWI-51,Europe,Switzerland,LK,Zurich,Hinwil,47.3769,8.5417,0,10/07/2016,NA,Pan_trap,Syrphidae,,,Melanostoma,NA,Melanostoma_scalare,Female,25.8,0.021706,0.004094,1.572,1.572,NA,NA
240,Syrphoidea,ALLO-SWI-74,Europe,Switzerland,LK,Zurich,Zeining,47.3769,8.5417,0,22/06/2016,NA,Pan_trap,Syrphidae,,,Melanostoma,NA,Melanostoma_scalare,Female,22.9,0.021706,0.001194,1.55,1.55,NA,NA
241,Syrphoidea,ALLO-SWI-27,Europe,Switzerland,LK,Zurich,Mandch,47.3769,8.5417,0,28/06/2016,NA,Pan_trap,Syrphidae,,,Paragus,NA,Paragus_sp1,Female,22.5,0.021706,0.000794,1.052,1.052,NA,NA
242,Syrphoidea,ALLO-SWI-53,Europe,Switzerland,LK,Zurich,Seegrab,47.3769,8.5417,0,28/06/2016,NA,Pan_trap,Syrphidae,,,Platycheirus,NA,Platycheirus_angustatus,Female,40.4,0.031179,0.009221,1.402,1.402,NA,NA
243,Syrphoidea,ALLO-SWI-36,Europe,Switzerland,LK,Zurich,Seegrab,47.3769,8.5417,0,29/07/2016,NA,Pan_trap,Syrphidae,,,Platycheirus,NA,Platycheirus_angustatus,Female,23.4,0.021706,0.001694,1.3,1.3,NA,NA
244,Syrphoidea,ALLO-SWI-95,Europe,Switzerland,LK,Zurich,MZ A2,47.3769,8.5417,0,8/07/2016,NA,Pan_trap,Syrphidae,,,Platycheirus,NA,Platycheirus_occultus,Female,23.9,0.021706,0.002194,1.48,1.48,NA,NA
245,Syrphoidea,ALLO-SWI-6,Europe,Switzerland,LK,Zurich,MZ A2,47.3769,8.5417,0,8/07/2016,NA,Pan_trap,Syrphidae,,,Platycheirus,NA,Platycheirus_occultus,Female,23.8,0.021706,0.002094,1.497,1.497,NA,NA
246,Syrphoidea,ALLO-SWI-60,Europe,Switzerland,LK,Zurich,Buch Str,47.3769,8.5417,0,8/07/2016,NA,Pan_trap,Syrphidae,,,Sphaerophoria,NA,Sphaerophoria_taeniata,Male,24.3,0.021706,0.002594,1.757,1.757,NA,NA
247,Syrphoidea,ALLO-SWI-100,Europe,Switzerland,LK,Zurich,Gossau,47.3769,8.5417,0,29/07/2016,NA,Pan_trap,Syrphidae,,,Helophilus,NA,Helophilus_parallelus,Female,65.3,0.031179,0.034121,3.753,3.753,NA,NA
248,Syrphoidea,ALLO-SWI-3,Europe,Switzerland,LK,Zurich,Wohl,47.3769,8.5417,0,3/08/2016,NA,Pan_trap,Syrphidae,,,Helophilus,NA,Helophilus_parallelus,Female,73.7,0.031179,0.042521,4.009,4.009,NA,NA
249,Syrphoidea,ALLO-SWI-101,Europe,Switzerland,LK,Zurich,Wohl,47.3769,8.5417,0,3/08/2016,NA,Pan_trap,Syrphidae,,,Helophilus,NA,Helophilus_parallelus,Female,66.7,0.031179,0.035521,3.962,3.962,NA,NA
250,Syrphoidea,ALLO-SWI-15,Europe,Switzerland,LK,Zurich,Gossau,47.3769,8.5417,0,29/07/2016,NA,Pan_trap,Syrphidae,,,Helophilus,NA,Helophilus_parallelus,Female,71.5,0.031179,0.040321,3.978,3.978,NA,NA
251,Syrphoidea,ALLO-SWI-66,Europe,Switzerland,LK,Zurich,Hinwil,47.3769,8.5417,0,29/07/2016,NA,Pan_trap,Syrphidae,,,Helophilus,NA,Helophilus_parallelus,Female,76,0.031179,0.044821,3.939,3.939,NA,NA
252,Syrphoidea,ALLO-SWI-28,Europe,Switzerland,LK,Zurich,Buch Str,47.3769,8.5417,0,29/07/2016,NA,Pan_trap,Syrphidae,,,Helophilus,NA,Helophilus_parallelus,Female,56.8,0.021706,0.035094,3.726,3.726,NA,NA
253,Syrphoidea,ALLO-SWI-19,Europe,Switzerland,LK,Zurich,Seon,47.3769,8.5417,0,23/08/2016,NA,Pan_trap,Syrphidae,,,Eristalinus,NA,Eristalinus_aeneus,Male,63.5,0.031179,0.032321,3.081,3.081,NA,NA
254,Syrphoidea,ALLO-SWI-56,Europe,Switzerland,LK,Zurich,Seegrav,47.3769,8.5417,0,25/08/2016,NA,Pan_trap,Syrphidae,,,Rhingia,NA,Rhingia_campestris,Male,29,0.021706,0.007294,2.571,2.571,NA,NA
255,Syrphoidea,ALLO-SWI-13,Europe,Switzerland,LK,Zurich,MZ A2,47.3769,8.5417,0,8/07/2016,NA,Pan_trap,Syrphidae,,,Platycheirus,NA,Platycheirus_occultus,Female,41.7,0.031179,0.010521,1.61,1.61,NA,NA
256,Syrphoidea,ALLO-SWI-61,Europe,Switzerland,LK,Zurich,MZ A2,47.3769,8.5417,0,8/07/2016,NA,Pan_trap,Syrphidae,,,Platycheirus,NA,Platycheirus_occultus,Female,23.2,0.021706,0.001494,1.409,1.409,NA,NA
257,Syrphoidea,ALLO-SWI-21,Europe,Switzerland,LK,Zurich,Wohl,47.3769,8.5417,0,23/06/2016,NA,Pan_trap,Syrphidae,,,Sphaerophoria,NA,Sphaerophoria_taeniata,Male,24.2,0.021706,0.002494,1.89,1.89,NA,NA
258,Syrphoidea,ALLO-SWI-17,Europe,Switzerland,LK,Zurich,Buch Str,47.3769,8.5417,0,20/06/2016,NA,Pan_trap,Syrphidae,,,Sphaerophoria,NA,Sphaerophoria_taeniata,Male,39.9,0.031179,0.008721,1.54,1.54,NA,NA
259,Syrphoidea,ALLO-SWI-7,Europe,Switzerland,LK,Zurich,Gossau,47.3769,8.5417,0,29/07/2016,NA,Pan_trap,Syrphidae,,,Helophilus,NA,Helophilus_parallelus,Female,65.6,0.031179,0.034421,3.993,3.993,NA,NA
260,Syrphoidea,ALLO-SWI-48,Europe,Switzerland,LK,Zurich,Gossau,47.3769,8.5417,0,29/07/2016,NA,Pan_trap,Syrphidae,,,Helophilus,NA,Helophilus_parallelus,Female,69,0.031179,0.037821,3.881,3.881,NA,NA
261,Syrphoidea,ALLO-SWI-10,Europe,Switzerland,LK,Zurich,Wohl,47.3769,8.5417,0,3/08/2016,NA,Pan_trap,Syrphidae,,,Helophilus,NA,Helophilus_parallelus,Female,69.4,0.031179,0.038221,3.769,3.769,NA,NA
262,Syrphoidea,ALLO-SWI-18,Europe,Switzerland,LK,Zurich,Wohl,47.3769,8.5417,0,3/08/2016,NA,Pan_trap,Syrphidae,,,Helophilus,NA,Helophilus_parallelus,Female,73.5,0.031179,0.042321,3.916,3.916,NA,NA
263,Syrphoidea,ALLO-SWI-20,Europe,Switzerland,LK,Zurich,hellikon,47.3769,8.5417,0,30/07/2016,NA,Pan_trap,Syrphidae,,,Helophilus,NA,Helophilus_parallelus,Female,77.8,0.031179,0.046621,3.863,3.863,NA,NA
264,Syrphoidea,ALLO-SWI-96,Europe,Switzerland,LK,Zurich,Wohl,47.3769,8.5417,0,3/08/2016,NA,Pan_trap,Syrphidae,,,Helophilus,NA,Helophilus_parallelus,Female,89.2,0.031179,0.058021,3.823,3.823,NA,NA
265,Syrphoidea,ALLO-SWI-38,Europe,Switzerland,LK,Zurich,Suberg,47.3769,8.5417,0,3/08/2016,NA,Pan_trap,Syrphidae,,,Helophilus,NA,Helophilus_parallelus,Female,65.2,0.031179,0.034021,3.932,3.932,NA,NA
266,Syrphoidea,ALLO-SWI-88,Europe,Switzerland,LK,Zurich,Seon,47.3769,8.5417,0,23/08/2016,NA,Pan_trap,Syrphidae,,,Helophilus,NA,Helophilus_parallelus,Female,69,0.031179,0.037821,3.823,3.823,NA,NA
267,Syrphoidea,ALLO-SWI-99,Europe,Switzerland,LK,Zurich,Hellikon,47.3769,8.5417,0,23/08/2016,NA,Pan_trap,Syrphidae,,,Helophilus,NA,Helophilus_parallelus,Female,52,0.021706,0.030294,3.399,3.399,NA,NA
268,Syrphoidea,ALLO-SWI-4,Europe,Switzerland,LK,Zurich,Seegrab,47.3769,8.5417,0,8/07/2016,NA,Pan_trap,Syrphidae,,,Helophilus,NA,Helophilus_parallelus,Female,59.3,0.031179,0.028121,3.676,3.676,NA,NA
269,Syrphoidea,ALLO-SWI-72,Europe,Switzerland,LK,Zurich,Seegrab,47.3769,8.5417,0,8/07/2016,NA,Pan_trap,Syrphidae,,,Helophilus,NA,Helophilus_parallelus,Female,57.3,0.031179,0.026121,3.269,3.269,NA,NA
270,Syrphoidea,ALLO-SWI-59,Europe,Switzerland,LK,Zurich,Seegrab,47.3769,8.5417,0,8/07/2016,NA,Pan_trap,Syrphidae,,,Melanostoma,NA,Melanostoma_mellinum,Male,24.9,0.021706,0.003194,1.672,1.672,NA,NA
271,Syrphoidea,ALLO-SWI-94,Europe,Switzerland,LK,Zurich,Wohl,47.3769,8.5417,0,3/08/2016,NA,Pan_trap,Syrphidae,,,Eristalis,NA,Eristalis_pratorum,Male,57.7,0.031179,0.026521,3.338,3.338,NA,NA
272,Syrphoidea,ALLO-SWI-113,Europe,Switzerland,LK,Zurich,Motsch,47.3769,8.5417,0,9/07/2016,NA,Pan_trap,Syrphidae,,,Platycheirus,NA,Platycheirus_europaeus,Male,25.3,0.021706,0.003594,1.632,1.632,NA,NA
273,Syrphoidea,ALLO-SWI-16,Europe,Switzerland,LK,Zurich,Auswil,47.3769,8.5417,0,9/07/2016,NA,Pan_trap,Syrphidae,,,Platycheirus,NA,Platycheirus_europaeus,Male,23.4,0.021706,0.001694,1.774,1.774,NA,NA
274,Syrphoidea,ALLO-SWI-68,Europe,Switzerland,LK,Zurich,Suberg,47.3769,8.5417,0,3/08/2016,NA,Pan_trap,Syrphidae,,,Neoascia,NA,Neoascia_podagrica,??,23.2,0.021706,0.001494,1.141,1.141,NA,NA
275,Syrphoidea,ALLO-SWI-80,Europe,Switzerland,LK,Zurich,Wohl,47.3769,8.5417,0,3/08/2016,NA,Pan_trap,Syrphidae,,,Pipizella,NA,Pipizella_sp1,Female,23.1,0.021706,0.001394,1.425,1.425,NA,NA
276,Syrphoidea,ALLO-SWI-23,Europe,Switzerland,LK,Zurich,Motsch,47.3769,8.5417,0,3/08/2016,NA,Pan_trap,Syrphidae,,,Pipizella,NA,Pipizella_sp1,Female,22.6,0.021706,0.000894,1.279,1.279,NA,NA
277,Syrphoidea,ALLO-SWI-87,Europe,Switzerland,LK,Zurich,Hellikon,47.3769,8.5417,0,7/07/2016,NA,Pan_trap,Syrphidae,,,Pipizella,NA,Pipizella_sp1,Male,22.8,0.021706,0.001094,1.278,1.278,NA,NA
278,Syrphoidea,ALLO-SWI-58,Europe,Switzerland,LK,Zurich,Wohl,47.3769,8.5417,0,2/08/2016,NA,Pan_trap,Syrphidae,,,Pipizella,NA,Pipizella_sp1,Female,24.2,0.021706,0.002494,1.408,1.408,NA,NA
279,Syrphoidea,ALLO-SWI-109,Europe,Switzerland,LK,Zurich,Wohl,47.3769,8.5417,0,3/08/2016,NA,Pan_trap,Syrphidae,,,Pipizella,NA,Pipizella_sp1,Male,23.6,0.021706,0.001894,1.557,1.557,NA,NA
280,Syrphoidea,ALLO-SWI-1,Europe,Switzerland,LK,Zurich,Buch Gr,47.3769,8.5417,0,8/07/2016,NA,Pan_trap,Syrphidae,,,Pipizella,NA,Pipizella_sp1,Male,22.9,0.021706,0.001194,1.527,1.527,NA,NA
281,Syrphoidea,ALLO-SWI-75,Europe,Switzerland,LK,Zurich,MZ B2,47.3769,8.5417,0,8/07/2016,NA,Pan_trap,Syrphidae,,,Pipizella,NA,Pipizella_sp1,Male,23.1,0.021706,0.001394,1.458,1.458,NA,NA
282,Syrphoidea,ALLO-SWI-50,Europe,Switzerland,LK,Zurich,Buch Gr,47.3769,8.5417,0,29/07/2016,NA,Pan_trap,Syrphidae,,,Pipizella,NA,Pipizella_sp1,Female,24,0.021706,0.002294,1.336,1.336,NA,NA
283,Syrphoidea,ALLO-SWI-31,Europe,Switzerland,LK,Zurich,Seegrab,47.3769,8.5417,0,28/06/2016,NA,Pan_trap,Syrphidae,,,Sphaerophoria,NA,Sphaerophoria_scripta,Male,43.8,0.031179,0.012621,2.012,2.012,NA,NA
284,Syrphoidea,ALLO-SWI-84,Europe,Switzerland,LK,Zurich,Seegrab,47.3769,8.5417,0,8/07/2016,NA,Pan_trap,Syrphidae,,,Melanostoma,NA,Melanostoma_mellinum,Male,23.3,0.021706,0.001594,1.57,1.57,NA,NA
285,Syrphoidea,ALLO-SWI-105,Europe,Switzerland,LK,Zurich,Seegrab,47.3769,8.5417,0,28/06/2016,NA,Pan_trap,Syrphidae,,,Sphaerophoria,NA,Sphaerophoria_scripta,Male,41.8,0.031179,0.010621,1.756,1.756,NA,NA
286,Syrphoidea,ALLO-SWI-114,Europe,Switzerland,LK,Zurich,Seegrab,47.3769,8.5417,0,8/07/2016,NA,Pan_trap,Syrphidae,,,Sphaerophoria,NA,Sphaerophoria_scripta,Male,42.2,0.031179,0.011021,1.683,1.683,NA,NA
287,Syrphoidea,ALLO-SWI-93,Europe,Switzerland,LK,Zurich,MZ A1,47.3769,8.5417,0,8/07/2016,NA,Pan_trap,Syrphidae,,,Melanostoma,NA,Melanostoma_mellinum,Female,26.2,0.021706,0.004494,1.456,1.456,NA,NA
288,Syrphoidea,ALLO-SWI-77,Europe,Switzerland,LK,Zurich,Leng,47.3769,8.5417,0,7/07/2016,NA,Pan_trap,Syrphidae,,,Melanostoma,NA,Melanostoma_mellinum,Male,40.2,0.031179,0.009021,1.688,1.688,NA,NA
289,Syrphoidea,ALLO-SWI-71,Europe,Switzerland,LK,Zurich,Buch Gr,47.3769,8.5417,0,8/07/2016,NA,Pan_trap,Syrphidae,,,Sphaerophoria,NA,Sphaerophoria_scripta,Male,24.1,0.021706,0.002394,1.615,1.615,NA,NA
290,Syrphoidea,ALLO-SWI-44,Europe,Switzerland,LK,Zurich,Hinwil,47.3769,8.5417,0,29/07/2016,NA,Pan_trap,Syrphidae,,,Sphaerophoria,NA,Sphaerophoria_scripta,Male,26,0.021706,0.004294,1.716,1.716,NA,NA
291,Syrphoidea,ALLO-SWI-52,Europe,Switzerland,LK,Zurich,Seegrab,47.3769,8.5417,0,25/08/2016,NA,Pan_trap,Syrphidae,,,Sphaerophoria,NA,Sphaerophoria_scripta,Male,25.8,0.021706,0.004094,1.664,1.664,NA,NA
292,Syrphoidea,ALLO-SWI-67,Europe,Switzerland,LK,Zurich,Hellikon,47.3769,8.5417,0,7/07/2016,NA,Pan_trap,Syrphidae,,,Melanostoma,NA,Melanostoma_mellinum,Female,25.9,0.021706,0.004194,1.388,1.388,NA,NA
293,Syrphoidea,ALLO-SWI-57,Europe,Switzerland,LK,Zurich,Gossau,47.3769,8.5417,0,10/07/2016,NA,Pan_trap,Syrphidae,,,Melanostoma,NA,Melanostoma_mellinum,Female,44.4,0.031179,0.013221,1.54,1.54,NA,NA
294,Syrphoidea,ALLO-SWI-32,Europe,Switzerland,LK,Zurich,MZ A1,47.3769,8.5417,0,8/07/2016,NA,Pan_trap,Syrphidae,,,Melanostoma,NA,Melanostoma_mellinum,Female,26,0.021706,0.004294,1.603,1.603,NA,NA
295,Syrphoidea,ALLO-SWI-43,Europe,Switzerland,LK,Zurich,LENG,47.3769,8.5417,0,7/07/2016,NA,Pan_trap,Syrphidae,,,Melanostoma,NA,Melanostoma_mellinum,Female,26.5,0.021706,0.004794,1.554,1.554,NA,NA
296,Syrphoidea,ALLO-SWI-104,Europe,Switzerland,LK,Zurich,Wohl,47.3769,8.5417,0,24/08/2016,NA,Pan_trap,Syrphidae,,,Eristalis,NA,Eristalis_tenax,Male,65.7,0.031179,0.034521,4.086,4.086,NA,NA
297,Syrphoidea,ALLO-SWI-8,Europe,Switzerland,LK,Zurich,Seegrab,47.3769,8.5417,0,29/07/2016,NA,Pan_trap,Syrphidae,,,Eristalis,NA,Eristalis_tenax,Male,63,0.031179,0.031821,3.861,3.861,NA,NA
298,Syrphoidea,ALLO-SWI-107,Europe,Switzerland,LK,Zurich,Wohl,47.3769,8.5417,0,24/08/2016,NA,Pan_trap,Syrphidae,,,Eristalis,NA,Eristalis_tenax,Male,74,0.031179,0.042821,4.032,4.032,NA,NA
299,Syrphoidea,ALLO-SWI-98,Europe,Switzerland,LK,Zurich,Hinwil,47.3769,8.5417,0,29/07/2016,NA,Pan_trap,Syrphidae,,,Eristalis,NA,Eristalis_tenax,Male,52.3,0.021706,0.030594,3.722,3.722,NA,NA
300,Syrphoidea,ALLO-SWI-106,Europe,Switzerland,LK,Zurich,Gossau,47.3769,8.5417,0,29/07/2016,NA,Pan_trap,Syrphidae,,,Eristalis,NA,Eristalis_tenax,Male,75.9,0.031179,0.044721,4.365,4.365,NA,NA
301,Syrphoidea,ALLO-SWI-83,Europe,Switzerland,LK,Zurich,Buch Str,47.3769,8.5417,0,29/07/2016,NA,Pan_trap,Syrphidae,,,Eristalis,NA,Eristalis_tenax,Female,73.7,0.031179,0.042521,4.218,4.218,NA,NA
302,Syrphoidea,ALLO-SWI-69,Europe,Switzerland,LK,Zurich,Wohl,47.3769,8.5417,0,24/08/2016,NA,Pan_trap,Syrphidae,,,Eristalis,NA,Eristalis_tenax,Female,72.2,0.031179,0.041021,4.098,4.098,NA,NA
303,Syrphoidea,ALLO-SWI-90,Europe,Switzerland,LK,Zurich,Wohl,47.3769,8.5417,0,24/08/2016,NA,Pan_trap,Syrphidae,,,Eristalis,NA,Eristalis_tenax,Female,87.4,0.031179,0.056221,4.205,4.205,NA,NA
304,Syrphoidea,ALLO-SWI-240,Europe,Switzerland,LK,Zurich,NA,47.3769,8.5417,183,14/04/2014,NA,Pan_trap,Syrphidae,Milesiinae,,Brachyopa,NA,Brachyopa_vittata,Male,35.5,0.027579,0.007921,2.593,2.593,NA,NA
305,Syrphoidea,ALLO-SWI-254,Europe,Switzerland,LK,Zurich,NA,47.3769,8.5417,183,5/07/2013,NA,Pan_trap,Syrphidae,Milesiinae,,Eristalis,NA,Eristalis_interrupta,Male,47.6,0.03391,0.01369,3.157,3.157,NA,NA
306,Syrphoidea,ALLO-SWI-494,Europe,Switzerland,LK,Zurich,NA,47.3769,8.5417,183,6/06/2013,NA,Pan_trap,Syrphidae,Milesiinae,,Eumerus,NA,Eumerus_strigatus,Male,31.4,0.027579,0.003821,1.79,1.79,NA,NA
307,Syrphoidea,ALLO-SWI-487,Europe,Switzerland,LK,Zurich,NA,47.3769,8.5417,183,5/07/2013,NA,Pan_trap,Syrphidae,Milesiinae,,Ferdinandea,NA,Ferdinandea_cuprea,Female,43.7,0.027579,0.016121,3.529,3.529,NA,NA
308,Syrphoidea,ALLO-SWI-485,Europe,Switzerland,LK,Zurich,NA,47.3769,8.5417,183,14/04/2014,NA,Pan_trap,Syrphidae,Milesiinae,,Helophilus,NA,Helophilus_pendulus,Female,67.7,0.047243,0.020457,3.173,3.173,NA,NA
309,Syrphoidea,ALLO-SWI-435,Europe,Switzerland,LK,Zurich,NA,47.3769,8.5417,183,14/04/2014,NA,Pan_trap,Syrphidae,Milesiinae,,Helophilus,NA,Helophilus_pendulus,Female,51.7,0.03391,0.01779,3.289,3.289,NA,NA
310,Syrphoidea,ALLO-SWI-439,Europe,Switzerland,LK,Zurich,NA,47.3769,8.5417,183,5/07/2013,NA,Pan_trap,Syrphidae,Milesiinae,,Myathropa,NA,Myathropa_florea,Male,53,0.03391,0.01909,3.8,3.8,NA,NA
311,Syrphoidea,ALLO-SWI-491,Europe,Switzerland,LK,Zurich,NA,47.3769,8.5417,183,9/08/2013,NA,Pan_trap,Syrphidae,Milesiinae,,Neocnemodon,NA,Neocnemodon_vitripennis,Male,27.7,0.027579,0.000121,1.618,1.618,NA,NA
312,Syrphoidea,ALLO-SWI-447,Europe,Switzerland,LK,Zurich,NA,47.3769,8.5417,183,9/08/2013,NA,Pan_trap,Syrphidae,Milesiinae,,Pipiza,NA,Pipiza_fenestrata,Female,27.7,0.027579,0.000121,1.603,1.603,NA,NA
313,Syrphoidea,ALLO-SWI-436,Europe,Switzerland,LK,Zurich,NA,47.3769,8.5417,183,14/04/2014,NA,Pan_trap,Syrphidae,Milesiinae,,Pipiza,NA,Pipiza_luteitarsis,Female,30.6,0.027579,0.003021,1.966,1.966,NA,NA
314,Syrphoidea,ALLO-SWI-456,Europe,Switzerland,LK,Zurich,NA,47.3769,8.5417,183,9/08/2013,NA,Pan_trap,Syrphidae,Milesiinae,,Syritta,NA,Syritta_pipiens,Female,28.2,0.027579,0.000621,1.432,1.432,NA,NA
315,Syrphoidea,ALLO-SWI-502,Europe,Switzerland,LK,Zurich,NA,47.3769,8.5417,183,9/08/2013,NA,Pan_trap,Syrphidae,Milesiinae,,Syritta,NA,Syritta_pipiens,Male,28.9,0.027579,0.001321,1.442,1.442,NA,NA
316,Syrphoidea,ALLO-SWI-451,Europe,Switzerland,LK,Zurich,NA,47.3769,8.5417,183,5/07/2013,NA,Pan_trap,Syrphidae,Milesiinae,,Xylota,NA,Xylota_segnis,Male,35.8,0.027579,0.008221,2.601,2.601,NA,NA
317,Syrphoidea,ALLO-SWI-444,Europe,Switzerland,LK,Zurich,NA,47.3769,8.5417,183,5/07/2013,NA,Pan_trap,Syrphidae,Milesiinae,,Xylota,NA,Xylota_segnis,Female,36.3,0.027579,0.008721,2.478,2.478,NA,NA
318,Syrphoidea,ALLO-SWI-488,Europe,Switzerland,LK,Zurich,NA,47.3769,8.5417,183,5/07/2013,NA,Pan_trap,Syrphidae,Milesiinae,,Xylota,NA,Xylota_sylvarum,Female,56.7,0.03391,0.02279,3.034,3.034,NA,NA
319,Syrphoidea,ALLO-SWI-383,Europe,Switzerland,LK,Zurich,NA,47.3769,8.5417,183,9/08/2013,NA,Pan_trap,Syrphidae,Syrphinae,,Dasysyrphus,NA,Dasysyrphus_albostriatus,Male,30.2,0.027579,0.002621,2.128,2.128,NA,NA
320,Syrphoidea,ALLO-SWI-409,Europe,Switzerland,LK,Zurich,NA,47.3769,8.5417,183,6/06/2013,NA,Pan_trap,Syrphidae,Syrphinae,,Dasysyrphus,NA,Dasysyrphus_friulensis,Female,32.5,0.027579,0.004921,2.183,2.183,NA,NA
321,Syrphoidea,ALLO-SWI-423,Europe,Switzerland,LK,Zurich,NA,47.3769,8.5417,183,6/06/2013,NA,Pan_trap,Syrphidae,Syrphinae,,Dasysyrphus,NA,Dasysyrphus_venustus,Female,37.2,0.027579,0.009621,2.736,2.736,NA,NA
322,Syrphoidea,ALLO-SWI-381,Europe,Switzerland,LK,Zurich,NA,47.3769,8.5417,183,5/07/2013,NA,Pan_trap,Syrphidae,Syrphinae,,Eupeodes,NA,Eupeodes_corollae,Female,30.3,0.027579,0.002721,1.734,1.734,NA,NA
323,Syrphoidea,ALLO-SWI-427,Europe,Switzerland,LK,Zurich,NA,47.3769,8.5417,183,5/07/2013,NA,Pan_trap,Syrphidae,Syrphinae,,Eupeodes,NA,Eupeodes_corollae,Male,30.6,0.027579,0.003021,2.151,2.151,NA,NA
324,Syrphoidea,ALLO-SWI-432,Europe,Switzerland,LK,Zurich,NA,47.3769,8.5417,183,5/07/2013,NA,Pan_trap,Syrphidae,Syrphinae,,Eupeodes,NA,Eupeodes_corollae,Female,29.1,0.027579,0.001521,1.75,1.75,NA,NA
325,Syrphoidea,ALLO-SWI-400,Europe,Switzerland,LK,Zurich,NA,47.3769,8.5417,183,5/07/2013,NA,Pan_trap,Syrphidae,Syrphinae,,Eupeodes,NA,Eupeodes_lapponicus,Female,29.2,0.027579,0.001621,2.178,2.178,NA,NA
326,Syrphoidea,ALLO-SWI-376,Europe,Switzerland,LK,Zurich,NA,47.3769,8.5417,183,5/07/2013,NA,Pan_trap,Syrphidae,Syrphinae,,Eupeodes,NA,Eupeodes_lapponicus,Male,32.1,0.027579,0.004521,2.827,2.827,NA,NA
327,Syrphoidea,ALLO-SWI-431,Europe,Switzerland,LK,Zurich,NA,47.3769,8.5417,183,9/08/2013,NA,Pan_trap,Syrphidae,Syrphinae,,Eupeodes,NA,Eupeodes_latifasciatus,Female,30.6,0.027579,0.003021,1.997,1.997,NA,NA
328,Syrphoidea,ALLO-SWI-403,Europe,Switzerland,LK,Zurich,NA,47.3769,8.5417,183,5/07/2013,NA,Pan_trap,Syrphidae,Syrphinae,,Eupeodes,NA,Eupeodes_latilunulatus,Male,31.7,0.027579,0.004121,2.456,2.456,NA,NA
329,Syrphoidea,ALLO-SWI-429,Europe,Switzerland,LK,Zurich,NA,47.3769,8.5417,183,9/08/2013,NA,Pan_trap,Syrphidae,Syrphinae,,Eupeodes,NA,Eupeodes_luniger,Female,29.7,0.027579,0.002121,2.485,2.485,NA,NA
330,Syrphoidea,ALLO-SWI-433,Europe,Switzerland,LK,Zurich,NA,47.3769,8.5417,183,5/07/2013,NA,Pan_trap,Syrphidae,Syrphinae,,Eupeodes,NA,Eupeodes_nitens,Male,31.7,0.027579,0.004121,2.469,2.469,NA,NA
331,Syrphoidea,ALLO-SWI-408,Europe,Switzerland,LK,Zurich,NA,47.3769,8.5417,183,6/06/2013,NA,Pan_trap,Syrphidae,Syrphinae,,Melanostoma,NA,Melanostoma_scalare,Female,30,0.027579,0.002421,1.503,1.503,NA,NA
332,Syrphoidea,ALLO-SWI-406,Europe,Switzerland,LK,Zurich,NA,47.3769,8.5417,183,5/07/2013,NA,Pan_trap,Syrphidae,Syrphinae,,Melanostoma,NA,Melanostoma_scalare,Female,29.3,0.027579,0.001721,1.447,1.447,NA,NA
333,Syrphoidea,ALLO-SWI-382,Europe,Switzerland,LK,Zurich,NA,47.3769,8.5417,183,14/04/2014,NA,Pan_trap,Syrphidae,Syrphinae,,Meligramma,NA,Meligramma_cincta,Male,29.7,0.027579,0.002121,2.108,2.108,NA,NA
334,Syrphoidea,ALLO-SWI-407,Europe,Switzerland,LK,Zurich,NA,47.3769,8.5417,183,14/04/2014,NA,Pan_trap,Syrphidae,Syrphinae,,Meligramma,NA,Meligramma_cincta,Female,29.4,0.027579,0.001821,1.37,1.37,NA,NA
335,Syrphoidea,ALLO-SWI-246,Europe,Switzerland,LK,Zurich,NA,47.3769,8.5417,183,5/07/2013,NA,Pan_trap,Syrphidae,Syrphinae,,Meliscaeva,NA,Meliscaeva_auricollis,Male,31.6,0.027579,0.004021,2.549,2.549,NA,NA
336,Syrphoidea,ALLO-SWI-257,Europe,Switzerland,LK,Zurich,NA,47.3769,8.5417,183,5/07/2013,NA,Pan_trap,Syrphidae,Syrphinae,,Meliscaeva,NA,Meliscaeva_auricollis,Female,28.6,0.027579,0.001021,1.648,1.648,NA,NA
337,Syrphoidea,ALLO-SWI-251,Europe,Switzerland,LK,Zurich,NA,47.3769,8.5417,183,9/08/2013,NA,Pan_trap,Syrphidae,Syrphinae,,Meliscaeva,NA,Meliscaeva_cinctella,Female,27.8,0.027579,0.000221,1.703,1.703,NA,NA
338,Syrphoidea,ALLO-SWI-249,Europe,Switzerland,LK,Zurich,NA,47.3769,8.5417,183,14/04/2014,NA,Pan_trap,Syrphidae,Syrphinae,,Parasyrphus,NA,Parasyrphus_punctulatus,Male,30.5,0.027579,0.002921,1.749,1.749,NA,NA
339,Syrphoidea,ALLO-SWI-252,Europe,Switzerland,LK,Zurich,NA,47.3769,8.5417,183,5/07/2013,NA,Pan_trap,Syrphidae,Syrphinae,,Parasyrphus,NA,Parasyrphus_vittiger,Female,29.2,0.027579,0.001621,2.044,2.044,NA,NA
340,Syrphoidea,ALLO-SWI-235,Europe,Switzerland,LK,Zurich,NA,47.3769,8.5417,183,6/06/2013,NA,Pan_trap,Syrphidae,Syrphinae,,Platycheirus,NA,Platycheirus_albimanus,Female,30.9,0.027579,0.003321,1.424,1.424,NA,NA
341,Syrphoidea,ALLO-SWI-248,Europe,Switzerland,LK,Zurich,NA,47.3769,8.5417,183,9/08/2013,NA,Pan_trap,Syrphidae,Syrphinae,,Platycheirus,NA,Platycheirus_perpallidus,Female,30.5,0.027579,0.002921,1.501,1.501,NA,NA
342,Syrphoidea,ALLO-SWI-242,Europe,Switzerland,LK,Zurich,NA,47.3769,8.5417,183,5/07/2013,NA,Pan_trap,Syrphidae,Syrphinae,,Scaeva,NA,Scaeva_pyrastri,Male,44.9,0.03391,0.01099,3.328,3.328,NA,NA
343,Syrphoidea,ALLO-SWI-256,Europe,Switzerland,LK,Zurich,NA,47.3769,8.5417,183,5/07/2013,NA,Pan_trap,Syrphidae,Syrphinae,,Scaeva,NA,Scaeva_selenitica,Male,43.1,0.03391,0.00919,3.049,3.049,NA,NA
344,Syrphoidea,ALLO-SWI-422,Europe,Switzerland,LK,Zurich,NA,47.3769,8.5417,183,9/08/2013,NA,Pan_trap,Syrphidae,Syrphinae,,Sphaerophoria,NA,Sphaerophoria_taeniata,Male,29.2,0.027579,0.001621,1.555,1.555,NA,NA
345,Syrphoidea,ALLO-SWI-399,Europe,Switzerland,LK,Zurich,NA,47.3769,8.5417,183,5/07/2013,NA,Pan_trap,Syrphidae,Syrphinae,,Syrphus,NA,Syrphus_torvus,Female,31.9,0.027579,0.004321,2.693,2.693,NA,NA
346,Syrphoidea,ALLO-SWI-377,Europe,Switzerland,LK,Zurich,NA,47.3769,8.5417,183,9/08/2013,NA,Pan_trap,Syrphidae,Syrphinae,,Syrphus,NA,Syrphus_vitripennis,Male,29.7,0.027579,0.002121,2.461,2.461,NA,NA
347,Syrphoidea,ALLO-SWI-378,Europe,Switzerland,LK,Zurich,NA,47.3769,8.5417,183,9/08/2013,NA,Pan_trap,Syrphidae,Syrphinae,,Syrphus,NA,Syrphus_vitripennis,Female,28.1,0.027579,0.000521,1.973,1.973,NA,NA
348,Syrphoidea,ALLO-SWI-250,Europe,Switzerland,LK,Zurich,NA,47.3769,8.5417,183,9/08/2013,NA,Pan_trap,Syrphidae,Milesiinae,,Chrysogaster,NA,Chrysogaster_solstitialis,Female,15.8,0.01451,0.00129,1.51,1.51,NA,NA
349,Syrphoidea,ALLO-SWI-506,Europe,Switzerland,LK,Zurich,NA,47.3769,8.5417,183,9/08/2013,NA,Pan_trap,Syrphidae,Milesiinae,,Eumerus,NA,Eumerus_strigatus,Female,16.7,0.01451,0.00219,1.711,1.711,NA,NA
350,Syrphoidea,ALLO-SWI-501,Europe,Switzerland,LK,Zurich,NA,47.3769,8.5417,183,6/06/2013,NA,Pan_trap,Syrphidae,Milesiinae,,Sphegina,NA,Sphegina_montana,Female,14.7,0.01451,0.00019,1.362,1.362,NA,NA
351,Syrphoidea,ALLO-SWI-253,Europe,Switzerland,LK,Zurich,NA,47.3769,8.5417,183,6/06/2013,NA,Pan_trap,Syrphidae,Milesiinae,,Brachypalpoides,NA,Brachypalpoides_lentus,Male,56,0.031179,0.024821,3.121,3.121,NA,NA
352,Syrphoidea,ALLO-SWI-244,Europe,Switzerland,LK,Zurich,NA,47.3769,8.5417,183,6/06/2013,NA,Pan_trap,Syrphidae,Milesiinae,,Brachypalpoides,NA,Brachypalpoides_lentus,Female,50.8,0.031179,0.019621,2.863,2.863,NA,NA
353,Syrphoidea,ALLO-SWI-239,Europe,Switzerland,LK,Zurich,NA,47.3769,8.5417,183,6/06/2013,NA,Pan_trap,Syrphidae,Milesiinae,,Caliprobola,NA,Caliprobola_speciosa,Male,54.6,0.031179,0.023421,3.212,3.212,NA,NA
354,Syrphoidea,ALLO-SWI-247,Europe,Switzerland,LK,Zurich,NA,47.3769,8.5417,183,6/06/2013,NA,Pan_trap,Syrphidae,Milesiinae,,Caliprobola,NA,Caliprobola_speciosa,Female,70.3,0.047707,0.022593,3.18,3.18,NA,NA
355,Syrphoidea,ALLO-SWI-236,Europe,Switzerland,LK,Zurich,NA,47.3769,8.5417,183,9/08/2013,NA,Pan_trap,Syrphidae,Milesiinae,,Chalcosyrphus,NA,Chalcosyrphus_nemorum,Female,43.5,0.031179,0.012321,2.184,2.184,NA,NA
356,Syrphoidea,ALLO-SWI-255,Europe,Switzerland,LK,Zurich,NA,47.3769,8.5417,183,9/08/2013,NA,Pan_trap,Syrphidae,Milesiinae,,Eristalinus,NA,Eristalinus_aeneus,Male,45.4,0.031179,0.014221,2.802,2.802,NA,NA
357,Syrphoidea,ALLO-SWI-243,Europe,Switzerland,LK,Zurich,NA,47.3769,8.5417,183,5/07/2013,NA,Pan_trap,Syrphidae,Milesiinae,,Eristalis,NA,Eristalis_arbustorum,Female,53.5,0.031179,0.022321,3.136,3.136,NA,NA
358,Syrphoidea,ALLO-SWI-238,Europe,Switzerland,LK,Zurich,NA,47.3769,8.5417,183,5/07/2013,NA,Pan_trap,Syrphidae,Milesiinae,,Eristalis,NA,Eristalis_arbustorum,Male,47.5,0.031179,0.016321,2.941,2.941,NA,NA
359,Syrphoidea,ALLO-SWI-245,Europe,Switzerland,LK,Zurich,NA,47.3769,8.5417,183,9/08/2013,NA,Pan_trap,Syrphidae,Milesiinae,,Eristalis,NA,Eristalis_interrupta,Female,50.2,0.031179,0.019021,3.436,3.436,NA,NA
360,Syrphoidea,ALLO-SWI-441,Europe,Switzerland,LK,Zurich,NA,47.3769,8.5417,183,9/08/2013,NA,Pan_trap,Syrphidae,Milesiinae,,Eristalis,NA,Eristalis_jugorum,Female,45.3,0.031179,0.014121,3.018,3.018,NA,NA
361,Syrphoidea,ALLO-SWI-500,Europe,Switzerland,LK,Zurich,NA,47.3769,8.5417,183,9/08/2013,NA,Pan_trap,Syrphidae,Milesiinae,,Eristalis,NA,Eristalis_pertinax,Female,53.1,0.031179,0.021921,3.437,3.437,NA,NA
362,Syrphoidea,ALLO-SWI-448,Europe,Switzerland,LK,Zurich,NA,47.3769,8.5417,183,6/06/2013,NA,Pan_trap,Syrphidae,Milesiinae,,Eristalis,NA,Eristalis_pertinax,Male,52.5,0.031179,0.021321,3.409,3.409,NA,NA
363,Syrphoidea,ALLO-SWI-453,Europe,Switzerland,LK,Zurich,NA,47.3769,8.5417,183,14/04/2013,NA,Pan_trap,Syrphidae,Milesiinae,,Eristalis,NA,Eristalis_pratorum,Male,62.4,0.031179,0.031221,3.955,3.955,NA,NA
364,Syrphoidea,ALLO-SWI-503,Europe,Switzerland,LK,Zurich,NA,47.3769,8.5417,183,5/07/2013,NA,Pan_trap,Syrphidae,Milesiinae,,Eumerus,NA,Eumerus_ornatus,Female,41,0.031179,0.009821,1.78,1.78,NA,NA
365,Syrphoidea,ALLO-SWI-437,Europe,Switzerland,LK,Zurich,NA,47.3769,8.5417,183,5/07/2013,NA,Pan_trap,Syrphidae,Milesiinae,,Ferdinandea,NA,Ferdinandea_cuprea,Male,46.6,0.031179,0.015421,3.115,3.115,NA,NA
366,Syrphoidea,ALLO-SWI-438,Europe,Switzerland,LK,Zurich,NA,47.3769,8.5417,183,5/07/2013,NA,Pan_trap,Syrphidae,Milesiinae,,Ferdinandea,NA,Ferdinandea_cuprea,Male,45.8,0.031179,0.014621,3.026,3.026,NA,NA
367,Syrphoidea,ALLO-SWI-486,Europe,Switzerland,LK,Zurich,NA,47.3769,8.5417,183,9/08/2013,NA,Pan_trap,Syrphidae,Milesiinae,,Helophilus,NA,Helophilus_parallelus,Female,58.6,0.031179,0.027421,3.577,3.577,NA,NA
368,Syrphoidea,ALLO-SWI-492,Europe,Switzerland,LK,Zurich,NA,47.3769,8.5417,183,5/07/2013,NA,Pan_trap,Syrphidae,Milesiinae,,Helophilus,NA,Helophilus_parallelus,Female,58.2,0.031179,0.027021,3.522,3.522,NA,NA
369,Syrphoidea,ALLO-SWI-509,Europe,Switzerland,LK,Zurich,NA,47.3769,8.5417,183,6/06/2013,NA,Pan_trap,Syrphidae,Milesiinae,,Merodon,NA,Merodon_avidus,Male,52.3,0.031179,0.021121,3.405,3.405,NA,NA
370,Syrphoidea,ALLO-SWI-459,Europe,Switzerland,LK,Zurich,NA,47.3769,8.5417,183,6/06/2013,NA,Pan_trap,Syrphidae,Milesiinae,,Merodon,NA,Merodon_avidus,Female,52.5,0.031179,0.021321,2.786,2.786,NA,NA
371,Syrphoidea,ALLO-SWI-458,Europe,Switzerland,LK,Zurich,NA,47.3769,8.5417,183,6/06/2013,NA,Pan_trap,Syrphidae,Milesiinae,,Merodon,NA,Merodon_equestris,Male,65.2,0.021706,0.043494,4.344,4.344,NA,NA
372,Syrphoidea,ALLO-SWI-490,Europe,Switzerland,LK,Zurich,NA,47.3769,8.5417,183,6/06/2013,NA,Pan_trap,Syrphidae,Milesiinae,,Merodon,NA,Merodon_equestris,Female,72.6,0.031179,0.041421,4.086,4.086,NA,NA
373,Syrphoidea,ALLO-SWI-505,Europe,Switzerland,LK,Zurich,NA,47.3769,8.5417,183,5/07/2013,NA,Pan_trap,Syrphidae,Milesiinae,,Myathropa,NA,Myathropa_florea,Female,51.9,0.031179,0.020721,3.629,3.629,NA,NA
374,Syrphoidea,ALLO-SWI-449,Europe,Switzerland,LK,Zurich,NA,47.3769,8.5417,183,14/04/2014,NA,Pan_trap,Syrphidae,Milesiinae,,Rhingia,NA,Rhingia_campestris,Male,45.9,0.031179,0.014721,2.925,2.925,NA,NA
375,Syrphoidea,ALLO-SWI-489,Europe,Switzerland,LK,Zurich,NA,47.3769,8.5417,183,14/04/2014,NA,Pan_trap,Syrphidae,Milesiinae,,Rhingia,NA,Rhingia_campestris,Female,44.7,0.031179,0.013521,2.934,2.934,NA,NA
376,Syrphoidea,ALLO-SWI-446,Europe,Switzerland,LK,Zurich,NA,47.3769,8.5417,183,6/06/2013,NA,Pan_trap,Syrphidae,Milesiinae,,Rhingia,NA,Rhingia_rostrata,Female,47.8,0.031179,0.016621,2.918,2.918,NA,NA
377,Syrphoidea,ALLO-SWI-443,Europe,Switzerland,LK,Zurich,NA,47.3769,8.5417,183,6/06/2013,NA,Pan_trap,Syrphidae,Milesiinae,,Rhingia,NA,Rhingia_rostrata,Male,42.3,0.031179,0.011121,2.766,2.766,NA,NA
378,Syrphoidea,ALLO-SWI-442,Europe,Switzerland,LK,Zurich,NA,47.3769,8.5417,183,9/08/2013,NA,Pan_trap,Syrphidae,Milesiinae,,Sericomyia,NA,Sericomyia_silentis,Female,66.8,0.031179,0.035621,4.349,4.349,NA,NA
379,Syrphoidea,ALLO-SWI-498,Europe,Switzerland,LK,Zurich,NA,47.3769,8.5417,183,6/06/2013,NA,Pan_trap,Syrphidae,Milesiinae,,Temnostoma,NA,Temnostoma_vespiforme,Male,71.3,0.031179,0.040121,4.171,4.171,NA,NA
380,Syrphoidea,ALLO-SWI-495,Europe,Switzerland,LK,Zurich,NA,47.3769,8.5417,183,5/07/2013,NA,Pan_trap,Syrphidae,Milesiinae,,Temnostoma,NA,Temnostoma_vespiforme,Female,62.1,0.031179,0.030921,4.024,4.024,NA,NA
381,Syrphoidea,ALLO-SWI-496,Europe,Switzerland,LK,Zurich,NA,47.3769,8.5417,183,9/08/2013,NA,Pan_trap,Syrphidae,Milesiinae,,Volucella,NA,Volucella_inflata,Female,63.7,0.031179,0.032521,4.235,4.235,NA,NA
382,Syrphoidea,ALLO-SWI-452,Europe,Switzerland,LK,Zurich,NA,47.3769,8.5417,183,6/06/2013,NA,Pan_trap,Syrphidae,Milesiinae,,Volucella,NA,Volucella_inflata,Male,48.4,0.031179,0.017221,3.776,3.776,NA,NA
383,Syrphoidea,ALLO-SWI-504,Europe,Switzerland,LK,Zurich,NA,47.3769,8.5417,183,9/08/2013,NA,Pan_trap,Syrphidae,Milesiinae,,Volucella,NA,Volucella_pellucens,Female,88.4,0.031179,0.057221,4.837,4.837,NA,NA
384,Syrphoidea,ALLO-SWI-457,Europe,Switzerland,LK,Zurich,NA,47.3769,8.5417,183,5/07/2013,NA,Pan_trap,Syrphidae,Milesiinae,,Xylota,NA,Xylota_coeruleiventris,Female,42.7,0.031179,0.011521,2.302,2.302,NA,NA
385,Syrphoidea,ALLO-SWI-454,Europe,Switzerland,LK,Zurich,NA,47.3769,8.5417,183,5/07/2013,NA,Pan_trap,Syrphidae,Milesiinae,,Xylota,NA,Xylota_florum,Female,48.2,0.031179,0.017021,2.175,2.175,NA,NA
386,Syrphoidea,ALLO-SWI-455,Europe,Switzerland,LK,Zurich,NA,47.3769,8.5417,183,6/06/2013,NA,Pan_trap,Syrphidae,Milesiinae,,Xylota,NA,Xylota_florum,Male,41.5,0.021706,0.019794,2.431,2.431,NA,NA
387,Syrphoidea,ALLO-SWI-499,Europe,Switzerland,LK,Zurich,NA,47.3769,8.5417,183,9/08/2013,NA,Pan_trap,Syrphidae,Milesiinae,,Xylota,NA,Xylota_semulatra,Male,42.4,0.031179,0.011221,2.26,2.26,NA,NA
388,Syrphoidea,ALLO-SWI-508,Europe,Switzerland,LK,Zurich,NA,47.3769,8.5417,183,9/08/2013,NA,Pan_trap,Syrphidae,Milesiinae,,Xylota,NA,Xylota_sylvarum,Male,51.6,0.031179,0.020421,3.383,3.383,NA,NA
389,Syrphoidea,ALLO-SWI-430,Europe,Switzerland,LK,Zurich,NA,47.3769,8.5417,183,9/08/2013,NA,Pan_trap,Syrphidae,Syrphinae,,Chrysotoxum,NA,Chrysotoxum_bincintum,Female,48,0.031179,0.016821,2.316,2.316,NA,NA
390,Syrphoidea,ALLO-SWI-434,Europe,Switzerland,LK,Zurich,NA,47.3769,8.5417,183,6/06/2013,NA,Pan_trap,Syrphidae,Syrphinae,,Chrysotoxum,NA,Chrysotoxum_cautum,Male,55.4,0.031179,0.024221,3.521,3.521,NA,NA
391,Syrphoidea,ALLO-SWI-379,Europe,Switzerland,LK,Zurich,NA,47.3769,8.5417,183,6/06/2013,NA,Pan_trap,Syrphidae,Syrphinae,,Chrysotoxum,NA,Chrysotoxum_cautum,Female,60.9,0.031179,0.029721,3.838,3.838,NA,NA
392,Syrphoidea,ALLO-SWI-397,Europe,Switzerland,LK,Zurich,NA,47.3769,8.5417,183,6/06/2013,NA,Pan_trap,Syrphidae,Syrphinae,,Chrysotoxum,NA,Chrysotoxum_intermedium,Female,52.5,0.031179,0.021321,3.56,3.56,NA,NA
393,Syrphoidea,ALLO-SWI-384,Europe,Switzerland,LK,Zurich,NA,47.3769,8.5417,183,5/07/2013,NA,Pan_trap,Syrphidae,Syrphinae,,Chrysotoxum,NA,Chrysotoxum_verralli,Female,49.7,0.031179,0.018521,3.072,3.072,NA,NA
394,Syrphoidea,ALLO-SWI-424,Europe,Switzerland,LK,Zurich,NA,47.3769,8.5417,183,5/07/2013,NA,Pan_trap,Syrphidae,Syrphinae,,Chrysotoxum,NA,Chrysotoxum_verralli,Male,44.6,0.031179,0.013421,3.127,3.127,NA,NA
395,Syrphoidea,ALLO-SWI-398,Europe,Switzerland,LK,Zurich,NA,47.3769,8.5417,183,9/08/2013,NA,Pan_trap,Syrphidae,Syrphinae,,Dasysyrphus,NA,Dasysyrphus_albostriatus,Female,41.8,0.031179,0.010621,2.134,2.134,NA,NA
396,Syrphoidea,ALLO-SWI-425,Europe,Switzerland,LK,Zurich,NA,47.3769,8.5417,183,9/08/2013,NA,Pan_trap,Syrphidae,Syrphinae,,Dasysyrphus,NA,Dasysyrphus_albostriatus,Male,40.8,0.031179,0.009621,2.399,2.399,NA,NA
397,Syrphoidea,ALLO-SWI-380,Europe,Switzerland,LK,Zurich,NA,47.3769,8.5417,183,9/08/2013,NA,Pan_trap,Syrphidae,Syrphinae,,Eupeodes,NA,Eupeodes_lapponicus,Male,42.8,0.031179,0.011621,2.468,2.468,NA,NA
398,Syrphoidea,ALLO-SWI-405,Europe,Switzerland,LK,Zurich,NA,47.3769,8.5417,183,6/06/2013,NA,Pan_trap,Syrphidae,Syrphinae,,Eupeodes,NA,Eupeodes_lapponicus,Female,45.6,0.031179,0.014421,2.422,2.422,NA,NA
399,Syrphoidea,ALLO-SWI-404,Europe,Switzerland,LK,Zurich,NA,47.3769,8.5417,183,9/08/2013,NA,Pan_trap,Syrphidae,Syrphinae,,Eupeodes,NA,Eupeodes_latifasciatus,Male,40.3,0.031179,0.009121,2.02,2.02,NA,NA
400,Syrphoidea,ALLO-SWI-237,Europe,Switzerland,LK,Zurich,NA,47.3769,8.5417,183,5/07/2013,NA,Pan_trap,Syrphidae,Syrphinae,,Scaeva,NA,Scaeva_pyrastri,Female,46.5,0.031179,0.015321,2.972,2.972,NA,NA
401,Syrphoidea,ALLO-SWI-401,Europe,Switzerland,LK,Zurich,NA,47.3769,8.5417,183,5/07/2013,NA,Pan_trap,Syrphidae,Syrphinae,,Syrphus,NA,Syrphus_ribesii,Female,41.4,0.031179,0.010221,2.561,2.561,NA,NA
402,Syrphoidea,ALLO-SWI-426,Europe,Switzerland,LK,Zurich,NA,47.3769,8.5417,183,5/07/2013,NA,Pan_trap,Syrphidae,Syrphinae,,Syrphus,NA,Syrphus_ribesii,Male,42.4,0.031179,0.011221,2.732,2.732,NA,NA
403,Syrphoidea,ALLO-SWI-428,Europe,Switzerland,LK,Zurich,NA,47.3769,8.5417,183,14/04/2013,NA,Pan_trap,Syrphidae,Syrphinae,,Syrphus,NA,Syrphus_torvus,Male,40.4,0.031179,0.009221,2.283,2.283,NA,NA
404,Syrphoidea,ALLO-SWI-375,Europe,Switzerland,LK,Zurich,NA,47.3769,8.5417,183,9/08/2013,NA,Pan_trap,Syrphidae,Syrphinae,,Xanthogramma,NA,Xanthogramma_pedissequum,Female,45.4,0.031179,0.014221,2.316,2.316,NA,NA
