"","Family","Tribe","Country","Measurer","Subfamily","Genus","Species","Sex","Latitude","Spec.wgt","Wgt.SD","IT","IT.SD","Cane"
"1","Apidae","Anthophorini","Australia","LK","Apinae","Amegilla","Amegilla_aeruginosa","Female",-15.755,0.04445,0.0286378246380552,3.1660608665,0.657609306503489,0.0328157499271546
"2","Apidae","Anthophorini","Australia","LK","Apinae","Amegilla","Amegilla_asserta","Female",-28.956,0.031228,0.000282842712474617,3.3389873646,0.0912000099783894,0.0374203178075621
"3","Apidae","Anthophorini","Australia","LK","Apinae","Amegilla","Amegilla_bombiformis","Female",-29.94,0.0382728,0.011612636530952,4.406751372,0.0452711108472375,0.0742409186252734
"4","Apidae","Anthophorini","Australia","LK","Apinae","Amegilla","Amegilla_chlorocyanea","Female",-34.5848,0.096334,NA,3.29425101668,NA,0.0361945573008518
"5","Apidae","Anthophorini","Australia","LK","Apinae","Amegilla","Amegilla_cingulata","Female",-29.9771428571429,0.030288568,0.00298880787282879,3.84770495342857,0.147748939766666,0.0531094618474955
"6","Apidae","Anthophorini","Australia","LK","Apinae","Amegilla","Amegilla_pulchra","Female",-30,0.0545731428571429,0.0102915330155193,3.445509498,0.174428117623768,0.0404373536408507
"7","Apidae","Anthophorini","Spain","IB","Apinae","Amegilla","Amegilla_quadrifasciata","Female",37.396355,0.041634,NA,3.645,NA,0.046466248110782
"8","Andrenidae","Andrenini","USA","JC","Andreninae","Andrena","Andrena_accepta","Female",32.531318,0.0071,NA,2.8021,NA,0.0242734809106839
"9","Andrenidae","Andrenini","Germany","LK","Andreninae","Andrena","Andrena_bicolor","Female",10.0747666666667,0.0085,NA,1.916833359,NA,0.0095055941922205
"10","Andrenidae","Andrenini","Switzerland","LK","Andreninae","Andrena","Andrena_bicolor","Female",47.3769,0.0457,NA,1.758,NA,0.00767761486952141
"11","Andrenidae","Andrenini","Ireland","LR","Andreninae","Andrena","Andrena_bicolor","Female",53.31,0.0172,NA,2.23333333333333,NA,0.013862815220195
"12","Andrenidae","Andrenini","Switzerland","LK","Andreninae","Andrena","Andrena_bucephala","Female",47.3769,0.0078,NA,2.308,NA,0.0150354265715685
"13","Andrenidae","Andrenini","Switzerland","LK","Andreninae","Andrena","Andrena_canatonia","Female",47.3769,0.0111,NA,2.876,NA,0.0258848621809002
"14","Andrenidae","Andrenini","Switzerland","LK","Andreninae","Andrena","Andrena_carantonica","Female",47.3769,0.0436,NA,3.00066666666667,NA,0.0287440914081263
"15","Andrenidae","Andrenini","Germany","LK","Andreninae","Andrena","Andrena_chrysosceles","Female",10.050008,0.026202,NA,1.872612916,NA,0.00897328831131336
"16","Andrenidae","Andrenini","Germany","LK","Andreninae","Andrena","Andrena_cineraria","Female",10.0758922666667,0.0122626666666667,0.00150443787951957,2.75968318653333,0.0661854920939862,0.0233762987064292
"17","Andrenidae","Andrenini","Switzerland","LK","Andreninae","Andrena","Andrena_cineraria","Female",47.3769,0.017121,NA,2.5695,NA,0.0195978063412333
"18","Andrenidae","Andrenini","Switzerland","LK","Andreninae","Andrena","Andrena_dorsata","Female",47.3769,0.022994,NA,2.128,NA,0.0123039615436189
"19","Andrenidae","Andrenini","Spain","IB","Andreninae","Andrena","Andrena_ferrugineicrus","Female",37.396355,0.0417606666666667,0.00850019607616985,1.52,0.262314696500215,0.00536093118103245
"20","Andrenidae","Andrenini","Germany","LK","Andreninae","Andrena","Andrena_flavipes","Female",10.0753783157895,0.036521,0.00277848879788996,2.29883807535088,0.082379204495633,0.0148884872855374
"21","Andrenidae","Andrenini","Switzerland","LK","Andreninae","Andrena","Andrena_flavipes","Female",47.3769,0.012996,NA,2.3645,NA,0.0159606281710688
"22","Andrenidae","Andrenini","Spain","IB","Andreninae","Andrena","Andrena_florea","Female",37.396355,0.0394893333333333,0.00479575208859237,2.75,0.127572065578911,0.0231742977982525
"23","Andrenidae","Andrenini","Germany","LK","Andreninae","Andrena","Andrena_fulva","Female",10.0869807777778,0.041321,0.000707106781186543,2.61194050377778,0.153442171517481,0.0204067697383833
"24","Andrenidae","Andrenini","Germany","LK","Andreninae","Andrena","Andrena_fulvata","Female",10.0407633333333,0.022141,NA,1.876297953,NA,0.0090169511178486
"25","Andrenidae","Andrenini","Germany","LK","Andreninae","Andrena","Andrena_gravida","Female",10.1132135714286,0.0231381403508772,0.00411139503366035,2.54311415328571,0.116158162391678,0.0191046489307941
"26","Andrenidae","Andrenini","Switzerland","LK","Andreninae","Andrena","Andrena_gravida","Female",47.3769,0.0288225,0.0104630590412173,2.53666666666667,0.0049497474683056,0.0189852794999659
"27","Andrenidae","Andrenini","Germany","LK","Andreninae","Andrena","Andrena_haemorrhoa","Female",10.0656558333333,0.0295848888888889,0.00430100117543708,2.5209235045,0.17846444316658,0.0186956773459029
"28","Andrenidae","Andrenini","Switzerland","LK","Andreninae","Andrena","Andrena_haemorrhoa","Female",47.3769,0.0118626666666667,0.00722657134008468,2.4325,0.12935010278509,0.0171180116847804
"29","Andrenidae","Andrenini","Germany","LK","Andreninae","Andrena","Andrena_helvola","Female",10.0479152,0.0293245714285714,0.00413711424615206,2.2067229278,0.0921175379110266,0.0134585397109486
"30","Andrenidae","Andrenini","Switzerland","LK","Andreninae","Andrena","Andrena_helvola","Female",47.3769,0.037426,0.00326414950637988,2.15133333333333,0.105358119446644,0.0126397599751522
"31","Andrenidae","Andrenini","Spain","IB","Andreninae","Andrena","Andrena_hispania","Female",37.396355,0.0251876666666667,0.00491074116482215,2.95,0.0950442769009958,0.027560542936521
"32","Andrenidae","Andrenini","Germany","LK","Andreninae","Andrena","Andrena_lagopus","Female",10.0521831428571,0.025778375,0.00694480475787477,2.30209519228571,0.151912568839542,0.0149406266915958
"33","Andrenidae","Andrenini","Germany","LK","Andreninae","Andrena","Andrena_minutula","Female",9.9196142,0.018316,0.00261954194469186,1.3998226824,0.117005160161846,0.0043744065054788
"34","Andrenidae","Andrenini","Switzerland","LK","Andreninae","Andrena","Andrena_minutula","Female",47.3769,0.0214696666666667,0.00349146689325084,1.3445,0.144526352844963,0.00395985894997204
"35","Andrenidae","Andrenini","Spain","IB","Andreninae","Andrena","Andrena_nigroaenaea","Female",37.396355,0.0182102857142857,0.00288468864375838,2.56,0.0543912528360941,0.0194193874849566
"36","Andrenidae","Andrenini","Germany","LK","Andreninae","Andrena","Andrena_nigroaenea","Female",10.0715061714286,0.0043432,0.00118670771464586,2.84181271528571,0.0945241694847689,0.0251317518267208
"37","Andrenidae","Andrenini","Germany","LK","Andreninae","Andrena","Andrena_nitida","Female",10.0945212,0.0110125,0.0104772011768411,2.8251949535,0.00353553390593266,0.0247704494918681
"38","Andrenidae","Andrenini","Switzerland","LK","Andreninae","Andrena","Andrena_nitida","Female",47.3769,0.0376474285714286,0.00742655693435118,2.86833333333333,0.125223048450491,0.0257148220786551
"39","Andrenidae","Andrenini","Spain","IB","Andreninae","Andrena","Andrena_ovatula","Female",37.396355,0.042616,0.00797757969422918,1.51,0.120034434168518,0.00527426819459968
"40","Andrenidae","Andrenini","Spain","IB","Andreninae","Andrena","Andrena_rhyssonota","Female",37.396355,0.047421,0.012810542533398,1.93,0.218655741596998,0.00966762466034055
"41","Andrenidae","Andrenini","Switzerland","LK","Andreninae","Andrena","Andrena_subopara","Female",47.3769,0.013321,NA,1.447,NA,0.004747479295185
"42","Andrenidae","Andrenini","Spain","IB","Andreninae","Andrena","Andrena_thoracica","Female",37.396355,0.00999,NA,3.21,NA,0.0339517218821616
"43","Andrenidae","Andrenini","Switzerland","LK","Andreninae","Andrena","Andrena_viridescens","Female",47.3769,0.013396,0.00028284271247462,1.377,0.00868571574111313,0.0042004132624749
"44","Andrenidae","Andrenini","Germany","LK","Andreninae","Andrena","Andrena_wilkella","Female",10.0518195,0.0113555556666667,0.00243523485216218,2.0273844655,0.152752523165195,0.0109170723726636
"45","Megachilidae","Anthidiini","USA","JC","Megachilinae","Anthidiellum","Anthidiellum_notatum","Female",32.531318,0.017091,NA,2.116,NA,0.0121333563725298
"46","Megachilidae","Anthidini","Germany","LK","Megachilinae","Anthidium","Anthidium_scapulare","Female",10.065003,0.011996,NA,2.169872559,NA,0.0129104083958624
"47","Apidae","Anthophorini","Spain","IB","Apinae","Anthophora","Anthophora_atroalba","Female",37.396355,0.0421,NA,3.67,NA,0.047257115387241
"48","Apidae","Anthophorini","Spain","IB","Apinae","Anthophora","Anthophora_hispanica","Female",37.396355,0.1123,NA,6.54,NA,0.196785569311374
"49","Apidae","Anthophorini","Germany","LK","Apinae","Anthophora","Anthophora_plumipes","Female",10.131019,0.039834,NA,3.91719422,NA,0.0555092118415258
"50","Apidae","Anthophorini","Switzerland","LK","Apinae","Anthophora","Anthophora_plumipes","Female",47.3769,0.068296,NA,4.044,NA,0.0600520215850776
"51","Apidae","Anthophorini","USA","JC","Apinae","Anthophora","Anthophora_urbana","Female",32.531318,0.069921,NA,3.3124,NA,0.0366889056016513
"52","Apidae","Apini","Australia","LK","Apinae","Apis","Apis_cerana","Female",-16.9,0.02575,0.000777817459305202,2.207260329125,0.0494974746830582,0.0134666337487768
"53","Apidae","Apini","Spain","IB","Apinae","Apis","Apis_mellifera","Female",37.396355,0.01144125,0.00115727706893627,3.115,0.046771055941968,0.0315244488829818
"54","Apidae","Apini","Australia","LK","Apinae","Apis","Apis_mellifera","Female",-20.4083333333333,0.0206113333333333,0.00248307604931195,2.73972257,0.140268474965895,0.0229610404851388
"55","Apidae","Apini","Germany","LK","Apinae","Apis","Apis_mellifera","Female",9.755828,0.0194986666666667,0.0019845264758459,2.81741543133333,0.217354998888895,0.0246023764264057
"56","Apidae","Apini","Switzerland","LK","Apinae","Apis","Apis_mellifera","Female",47.3769,0.027181,NA,3.011,NA,0.0289891148996996
"57","Halictidae","Augochlorini","USA","JC","Halictinae","Augochlora","Augochlora_pura","Female",32.531318,0.011462,NA,1.8709,NA,0.00895303544524011
"58","Apidae","Meliponini","Australia","LK","Apinae","Austroplebeia","Austroplebeia_australis","Female",-28.5963636363636,0.00227545454545455,0.000314900734720122,1.38535053736364,0.0913162721208397,0.00426358797731434
"59","Apidae","Bombini","Germany","LK","Apinae","Bombus","Bombus_hortorum","Female",10.053631,0.0646,0,4.886358924,0.148492424049175,0.0958129016786691
"60","Apidae","Bombini","Switzerland","LK","Apinae","Bombus","Bombus_hortorum","Female",47.3769,0.125796,NA,3.864,NA,0.0536665375686554
"61","Apidae","Bombini","Switzerland","LK","Apinae","Bombus","Bombus_humilis","Female",47.3769,0.048084,NA,3.9515,NA,0.0567172609776546
"62","Apidae","Bombini","Switzerland","LK","Apinae","Bombus","Bombus_hypnorum","Female",47.3769,0.090121,0.0311126983722081,3.7115,0.518309270609739,0.0485875290085069
"63","Apidae","Bombini","Britain","LK","Apinae","Bombus","Bombus_lapidarius","Female",51.46,0.061371,0.0112429978208661,3.28321433125,0.584777308041275,0.0358958853833246
"64","Apidae","Bombini","Germany","LK","Apinae","Bombus","Bombus_lapidarius","Female",10.06754725,0.03455,0.00338652793116659,3.6113361581875,0.146156447686334,0.0454138249039252
"65","Apidae","Bombini","Switzerland","LK","Apinae","Bombus","Bombus_lapidarius","Female",47.3769,0.08220225,0.0845676886188415,3.3622,0.841000063428412,0.0380659279471637
"66","Apidae","Bombini","Ireland","LR","Apinae","Bombus","Bombus_lapidarius","Female",53.31,0.037705,0.00469320040057955,4,0.252195757299761,0.0584516202051972
"67","Apidae","Bombini","Germany","LK","Apinae","Bombus","Bombus_lucorum","Female",10.06442549,0.061578,0.0179722759557687,3.64595707971,0.333033665658721,0.0464963789079783
"68","Apidae","Bombini","Ireland","LR","Apinae","Bombus","Bombus_lucorum","Female",53.31,0.0425888888888889,0.0145950714664612,4.9,0.432301974655595,0.0964746852536881
"69","Apidae","Bombini","Britain","LK","Apinae","Bombus","Bombus_pascuorum","Female",51.4733333333333,0.087101,0.0423585506809366,3.39535205111111,0.729054366794626,0.0389993992104826
"70","Apidae","Bombini","Germany","LK","Apinae","Bombus","Bombus_pascuorum","Female",10.07183415,0.088264,0.0457850556914226,4.123525578,0.894232259166115,0.0630100985103837
"71","Apidae","Bombini","Switzerland","LK","Apinae","Bombus","Bombus_pascuorum","Female",47.3769,0.0368575,0.0100317239046935,4.142,0.156270598642227,0.0637094232696961
"72","Apidae","Bombini","Ireland","LR","Apinae","Bombus","Bombus_pascuorum","Female",53.3066666666667,0.042396,0.0126587519132022,4.3,0.270061971501967,0.0698790822916587
"73","Apidae","Bombini","Switzerland","LK","Apinae","Bombus","Bombus_pratensis","Female",47.3769,0.0662474,0.0221114876206916,3.4805,0.642127479555267,0.0414588830762008
"74","Apidae","Bombini","Germany","LK","Apinae","Bombus","Bombus_pratorum","Female",10.0923326363636,0.098396,0.00848528137423857,3.42060758181818,0.417782904025161,0.0397195732395887
"75","Apidae","Bombini","Switzerland","LK","Apinae","Bombus","Bombus_pratorum","Female",47.3769,0.178596,NA,3.8338,NA,0.0526368282120621
"76","Apidae","Bombini","Ireland","LR","Apinae","Bombus","Bombus_pratorum","Female",53.31,0.100365833333333,0.0141589936141898,3.66666666666667,0.317557396386858,0.0471512073872326
"77","Apidae","Bombini","Germany","LK","Apinae","Bombus","Bombus_ruderarius","Female",10.089189,0.112771,0.0126083305794225,4.7801070265,0.132763888162407,0.0907506319801771
"78","Apidae","Bombini","Germany","LK","Apinae","Bombus","Bombus_rupestris","Female",10.017931,0.07531875,0.0227887170547181,5.487019938,0.489258349572374,0.127569271616842
"79","Apidae","Bombini","Switzerland","LK","Apinae","Bombus","Bombus_sylvarum","Female",47.3769,0.111283096774194,0.0684037267110279,4.6275,0.963837215987321,0.0837639392457415
"80","Apidae","Bombini","Switzerland","LK","Apinae","Bombus","Bombus_sylvestris","Female",47.3769,0.053936,0.00293449314192417,4.45725,0.0629325035256027,0.0763592304990186
"81","Apidae","Bombini","Spain","IB","Apinae","Bombus","Bombus_terrestris","Female",37.396355,0.031533333,NA,5.145,NA,0.108825800069729
"82","Apidae","Bombini","Britain","LK","Apinae","Bombus","Bombus_terrestris","Female",51.46,0.0635666663333333,0.031992238642104,4.450833626,0.953939201416946,0.076088109265409
"83","Apidae","Bombini","Germany","LK","Apinae","Bombus","Bombus_terrestris","Female",10.0644225483871,0.0424666663333333,0.0116689045472715,4.37182078851613,0.346410161513776,0.0727963559174075
"84","Apidae","Bombini","Switzerland","LK","Apinae","Bombus","Bombus_terrestris","Female",47.3769,0.0258000003333333,0.00258134331953991,3.4865,0.288675134594813,0.0416355745648103
"85","Apidae","Bombini","Ireland","LR","Apinae","Bombus","Bombus_terrestris","Female",53.31,0.0681000003333333,0.00185562208796224,4.9,0.264575131106459,0.096474685253688
"86","Apidae","Allodapini","Australia","LK","Xylocopinae","Braunsapis","Braunsapis_brasp1","Female",-14.9433333333333,0.001978,0.000859651092013498,1.16590472916667,0.111277312730628,0.00278514621809364
"87","Apidae","Allodapini","Australia","LK","Xylocopinae","Braunsapis","Braunsapis_brasp2","Female",-14.62,0.001528,NA,1.0054009,NA,0.001932084515374
"88","Apidae","Allodapini","Australia","LK","Xylocopinae","Braunsapis","Braunsapis_brasp3","Female",-29.9966666666667,0.00461283333333333,0.00219019608226932,1.47795570058333,0.18052776910372,0.00500220209504502
"89","Andrenidae","Calliopsini","USA","JC","Panurginae","Calliopsis","Calliopsis_andreniformis","Female",32.531318,0.005821,NA,1.5332,NA,0.00547661551453652
"90","Apidae","Centridini","USA","JC","Apinae","Centris","Centris_atripes","Female",32.531318,0.052207,NA,4.0608,NA,0.0606698794145999
"91","Apidae","Ceratinini","Spain","IB","Xylocopinae","Ceratina","Ceratina_cucurbitina","Female",37.396355,0.0064,NA,1.12,NA,0.00252217054176355
"92","Apidae","Ceratinini","Switzerland","LK","Xylocopinae","Ceratina","Ceratina_cyanea","Female",47.3769,0.003244,NA,1.285,NA,0.00354113873322406
"93","Megachilidae","Osmiini","Switzerland","LK","Megachilinae","Chelostoma","Chelostoma_florisomne","Female",47.3769,0.012521,NA,1.524,NA,0.00539583189825779
"94","Megachilidae","Osmiini","Switzerland","LK","Megachilinae","Chelostoma","Chelostoma_rapunculi","Female",47.3769,0.005934,NA,1.629,NA,0.00636069510401766
"95","Colletidae","Colletini","Spain","IB","Colletinae","Colletes","Colletes_acutus","Female",37.396355,0.0151,0.00989949493661167,2.57,0.905096679918781,0.0196072237104466
"96","Colletidae","Colletini","USA","JC","Colletinae","Colletes","Colletes_inaequalis","Female",32.531318,0.040561,NA,3.307,NA,0.0365414014724874
"97","Colletidae","Colletini","Switzerland","LK","Colletinae","Colletes","Colletes_similis","Female",47.3769,0.020644,NA,2.858,NA,0.0254866918197825
"98","Melittidae","Dasypodaini","Spain","IB","Dasypodainae","Dasypoda","Dasypoda_cingulata","Female",37.396355,0.0082,0.00268700576850888,2.17,0.848528137423857,0.0129122806825051
"99","Melittidae","Dasypodaini","Spain","IB","Dasypodainae","Dasypoda","Dasypoda_crassicornis","Female",37.396355,0.01775,0.00841457069611991,2.455,0.0919238815542511,0.0175116221997168
"100","Apidae","Emphorini","USA","JC","Apinae","Diadasia","Diadasia_olivaceae","Female",32.531318,0.018564,NA,2.4189,NA,0.0168826735130133
"101","Apidae","Emphorini","USA","JC","Apinae","Diadasia","Diadasia_rinconis","Female",32.531318,0.028385,NA,2.9207,NA,0.0268895824895901
"102","Halictidae","Rophitini","USA","JC","Rophitinae","Dufourea","Dufourea_marginata","Female",32.531318,0.005821,NA,1.5332,NA,0.00547661551453652
"103","Apidae","Eucerini","Spain","IB","Apinae","Eucera","Eucera_chrysopyga","Female",37.396355,0.0288,0.00183847763108502,3.545,0.233345237791561,0.0433818118216679
"104","Colletidae","Euryglossinae","Australia","LK","Euryglossinae","Euhesma","Euhesma_euhsp1","Female",-25.7975,0.000709375,0.000280965357754412,0.853872950375,0.0689794115502753,0.00129078323854078
"105","Colletidae","Euryglossinae","Australia","LK","Euryglossinae","Euryglossa","Euryglossa_adelaidae","Female",-36.655,0.00633871,0.0015556349186104,1.815494844,0.145051444462023,0.00831256075873717
"106","Apidae","Exomalopsini","USA","JC","Apinae","Exomalopsis","Exomalopsis_solani","Female",32.531318,0.008554,NA,1.7707,NA,0.0078152885491077
"107","Apidae","Allodapini","Australia","LK","Xylocopinae","Exoneura","Exoneura_bicolor","Female",-30.0057142857143,0.00383771428571429,0.00129598477131197,1.39211042657143,0.122751765306014,0.00431514037146631
"108","Apidae","Allodapini","Australia","LK","Xylocopinae","Exoneura","Exoneura_hamulata","Female",-30.49,0.005794,0.0006308724118235,1.6244133976,0.0846321940873788,0.0063165670751686
"109","Andrenidae","Panurgini","Spain","IB","Panurginae","Flavipanurgus","Flavipanurgus_venustus","Female",37.396355,0.0093,NA,1.81,NA,0.00825057845523995
"110","Halictidae","Halictini","Switzerland","LK","Halictinae","Halictus","Halictus_maculatus","Female",47.3769,0.02185,0.000636396103067894,1.4595,0.176776695296637,0.00484938395076381
"111","Halictidae","Halictini","Germany","LK","Halictinae","Halictus","Halictus_malachurum","Female",10.0819015,0.01189,0.000565685424949238,1.51639268275,0.050204581464245,0.00532957218176206
"112","Halictidae","Halictini","Germany","LK","Halictinae","Halictus","Halictus_pauxillum","Female",10.124092,0.008496,0.00230072452356499,1.021369393,0.0140142700025358,0.00200873930672824
"113","Halictidae","Halictini","Ireland","LR","Halictinae","Halictus","Halictus_rubicundus","Female",53.31,0.003196,0.000565685424949238,2.4,0.0529828634044964,0.0165588360458501
"114","Halictidae","Halictini","Switzerland","LK","Halictinae","Halictus","Halictus_rubincundus","Female",47.3769,0.011804,NA,2.037,NA,0.0110453626331699
"115","Halictidae","Halictini","Spain","IB","Halictinae","Halictus","Halictus_scabiosae","Female",37.396355,0.0306031428571429,0.00362564886197349,2.345,0.141254993860535,0.0156375939821879
"116","Halictidae","Halictini","Germany","LK","Halictinae","Halictus","Halictus_scabiosae","Female",10.0499787857143,0.024213,0.00677783468373197,2.52600505321429,0.0995707453689754,0.0187888651509285
"117","Halictidae","Halictini","Switzerland","LK","Halictinae","Halictus","Halictus_scabiosae","Female",47.3769,0.01191184,0.00262881785345936,2.45033333333333,0.135135201219404,0.0174295466694298
"118","Halictidae","Halictini","Germany","LK","Halictinae","Halictus","Halictus_simplex","Female",10.04190636,0.0180862,0.00486931265169942,1.8058646144,0.120811009432088,0.00820411288145723
"119","Halictidae","Halictini","Switzerland","LK","Halictinae","Halictus","Halictus_simplex","Female",47.3769,0.0044,NA,2.0526,NA,0.0112553974907836
"120","Halictidae","Halictini","Germany","LK","Halictinae","Halictus","Halictus_subauratus","Female",9.755828,0.007184,0.000240416305603426,1.493668289,0.0268700576850888,0.0051345357003412
"121","Halictidae","Halictini","Switzerland","LK","Halictinae","Halictus","Halictus_subauratus","Female",47.3769,0.00534066666666667,0.0021968234643078,1.73,0.123559702168628,0.00737920987410469
"122","Halictidae","Halictini","Switzerland","LK","Halictinae","Halictus","Halictus_tumolorum","Female",47.3769,0.00401275675675676,0.000838744478551305,1.36,0.0654174292056183,0.00407353214565973
"123","Halictidae","Halictini","Germany","LK","Halictinae","Halictus","Halictus_tumulorum","Female",9.76476313513513,0.004759,0.00226981276760882,1.30913425621622,0.0820243866176394,0.00370762571684678
"124","Halictidae","Halictini","Switzerland","LK","Halictinae","Halictus","Halictus_tumulorum","Female",47.3769,0.014166667,NA,1.428,NA,0.00459504370183197
"125","Megachilidae","Osmiini","Spain","IB","Megachilinae","Heriades","Heriades_crenulatus","Female",37.396355,0.0063,NA,1.76,NA,0.00769919921904967
"126","Megachilidae","Osmiini","Switzerland","LK","Megachilinae","Heriades","Heriades_truncorum","Female",47.3769,0.00472733333333333,0.000370720020140986,1.528,0.136890467162619,0.00543086744917807
"127","Melittidae","Hesperapini","USA","JC","Dasypodainae","Hesperapis","Hesperapis_carinata","Female",32.531318,0.014588,NA,2.7399,NA,0.0229647122204689
"128","Halictidae","Halictini","Australia","LK","Halictinae","Homalictus","Homalictus_homsp1","Female",-27.19,0.001384,0.000353553390593274,1.3124873075,0.0642742930901264,0.00373111702529729
"129","Halictidae","Halictini","Australia","LK","Halictinae","Homalictus","Homalictus_sphecodoides","Female",-30.025,0.004431,0.001662571903207,1.49443600475,0.20157308693135,0.00514105423673182
"130","Halictidae","Halictini","Australia","LK","Halictinae","Homalictus","Homalictus_urbanus","Female",-26.152654028436,0.000972379146919431,0.000564972319879253,0.954866993350711,0.0662495711248413,0.00170108963265014
"131","Megachilidae","Osmiini","Spain","IB","Megachilinae","Hoplitis","Hoplitis_adunca","Female",37.396355,0.0105,NA,2.23,NA,0.0138117836389416
"132","Colletidae","Halictina","Germany","LK","Hylaeinae","Hylaeus","Hylaeus_angustatus","Female",10.0767166666667,0.005284,NA,0.967117461,NA,0.00175548443102112
"133","Colletidae","Halictina","Germany","LK","Hylaeinae","Hylaeus","Hylaeus_communis","Female",10.045785,0.00266266666666667,0.000814452781524708,1.04573158133333,0.0289139970020899,0.00212912276862398
"134","Colletidae","Halictina","Ireland","LR","Hylaeinae","Hylaeus","Hylaeus_communis","Female",53.31,0.00312933333333333,0.000503322295684717,1.6,0.10980532885887,0.00608475194717811
"135","Colletidae","Halictina","Switzerland","LK","Hylaeinae","Hylaeus","Hylaeus_cornutus","Female",47.3769,0.009394,NA,1.224,NA,0.00314044598394196
"136","Colletidae","Halictina","Germany","LK","Hylaeinae","Hylaeus","Hylaeus_dilatatus","Female",10.086428,0.005596,NA,1.231416496,NA,0.00318763901265381
"137","Colletidae","Halictina","Australia","LK","Hylaeinae","Hylaeus","Hylaeus_kelvini","Female",-30.02,0.008534,NA,1.924817605,NA,0.00960365492175229
"138","Colletidae","Halictina","Germany","LK","Hylaeinae","Hylaeus","Hylaeus_nigritus","Female",10.047256,0.007196,0.000282842712474619,1.5157785095,0.163291447023386,0.00532424397551699
"139","Colletidae","Halictina","Ireland","LR","Hylaeinae","Hylaeus","Hylaeus_pectoralis","Female",53.31,0.004396,NA,1.3,NA,0.00364407880599237
"140","Colletidae","Halictina","Germany","LK","Hylaeinae","Hylaeus","Hylaeus_pictipes","Female",10.086428,0.002334,NA,1.173070079,NA,0.0028276002591955
"141","Colletidae","Halictina","Australia","LK","Hylaeinae","Hylaeus","Hylaeus_primulipictus","Female",-29.94,0.008928,NA,1.119637044,NA,0.00252015289238698
"142","Colletidae","Halictina","Australia","LK","Hylaeinae","Hylaeus","Hylaeus_rotundiceps","Female",-30.01,0.00615555566666667,0.00361621824357786,1.973951431,0.1,0.010220343422411
"143","Colletidae","Halictina","USA","JC","Colletinae","Hylaeus","Hylaeus_rugulosus","Female",32.531318,0.002666667,NA,1.6889,NA,0.0069538786360189
"144","Halictidae","Halictini","Spain","IB","Halictinae","Lasioglossum","Lasioglossum_albocinctum","Female",37.396355,0.0178,NA,2.28,NA,0.0145890549442974
"145","Halictidae","Halictini","Australia","LK","Halictinae","Lasioglossum","Lasioglossum_bicingulatum","Female",-30.11,0.01165,0.00487903679018718,1.951227036,0.183847763108502,0.00993228631225734
"146","Halictidae","Halictini","Germany","LK","Halictinae","Lasioglossum","Lasioglossum_calceatum","Female",9.8358412,0.002727,NA,1.7223862452,NA,0.00729928240733054
"147","Halictidae","Halictini","Switzerland","LK","Halictinae","Lasioglossum","Lasioglossum_calceatum","Female",47.3769,0.011534,NA,1.57791666666667,NA,0.00587948910774058
"148","Halictidae","Halictini","Ireland","LR","Halictinae","Lasioglossum","Lasioglossum_calceatum","Female",53.31,0.00776813333333333,0.00214271716241207,2.03333333333333,0.111546315427987,0.0109963368419467
"149","Halictidae","Halictini","Australia","LK","Halictinae","Lasioglossum","Lasioglossum_clelandi","Female",-36.5918181818182,0.0075185,0.00460464010043624,1.64531314018182,0.215234104400231,0.00651912883526182
"150","Halictidae","Halictini","Australia","LK","Halictinae","Lasioglossum","Lasioglossum_convexum","Female",-36.528,0.00687507363636364,0.0012347248497319,1.4343391944,0.124869793337921,0.00464557366959491
"151","Halictidae","Halictini","Ireland","LR","Halictinae","Lasioglossum","Lasioglossum_cypromicans","Female",53.3,0.00543871,0.000223606797749979,1.2,0.0477173146026698,0.00299058839563426
"152","Halictidae","Halictini","Australia","LK","Halictinae","Lasioglossum","Lasioglossum_eremaean","Female",-26,0.003,NA,1.486912388,NA,0.00507738458632014
"153","Halictidae","Halictini","Switzerland","LK","Halictinae","Lasioglossum","Lasioglossum_fulvicorne","Female",47.3769,0.00537733333333333,0.000408697116864474,1.409,0.129046503245923,0.00444555883442656
"154","Halictidae","Halictini","Germany","LK","Halictinae","Lasioglossum","Lasioglossum_glabriusculum","Female",9.77085918367347,0.00119616326530612,0.000619258136366235,0.861258300081633,0.0597674627681842,0.00131852435804007
"155","Halictidae","Halictini","Australia","LK","Halictinae","Lasioglossum","Lasioglossum_globosum","Female",-36.636875,0.00403246,0.000917582875457761,1.4414252134375,0.119543227150363,0.0047024462376471
"156","Halictidae","Halictini","Australia","LK","Halictinae","Lasioglossum","Lasioglossum_hemichalceum","Female",-30.01,0.0015,NA,1.023211911,NA,0.00201769844881121
"157","Halictidae","Halictini","Australia","LK","Halictinae","Lasioglossum","Lasioglossum_hiltacum","Female",-36.5909090909091,0.00835689181818182,0.0011898051788576,1.75915844681818,0.114946865554803,0.00769011263635984
"158","Halictidae","Halictini","Spain","IB","Halictinae","Lasioglossum","Lasioglossum_imminutus","Female",37.396355,0.004612,0.000984134137198787,1.56,0.0875802489149237,0.00571602572896863
"159","Halictidae","Halictini","Switzerland","LK","Halictinae","Lasioglossum","Lasioglossum_interruptum","Female",47.3769,0.00884429603174603,0.00230793043111072,1.4416,0.164041728684477,0.00470385428456863
"160","Halictidae","Halictini","Australia","LK","Halictinae","Lasioglossum","Lasioglossum_lanarium","Female",-31.5044444444444,0.003,NA,1.86281539719048,NA,0.00885781344133188
"161","Halictidae","Halictini","Australia","LK","Halictinae","Lasioglossum","Lasioglossum_lassp2","Female",-30.01,0.004728,NA,1.117794525,NA,0.0025099252596315
"162","Halictidae","Halictini","Australia","LK","Halictinae","Lasioglossum","Lasioglossum_lassp5","Female",-16.9,0.0028,0.000707106781186548,1.648439838,0.187611449260026,0.00654976056931165
"163","Halictidae","Halictini","Australia","LK","Halictinae","Lasioglossum","Lasioglossum_lassp7","Female",-26.42,0.00108888888888889,0.000554237753296802,1.045322133,0.0687860039719859,0.00212706501511611
"164","Halictidae","Halictini","Australia","LK","Halictinae","Lasioglossum","Lasioglossum_lassp8","Female",-26.42,7e-04,NA,0.953355440481481,NA,0.0016944485149816
"165","Halictidae","Halictini","Australia","LK","Halictinae","Lasioglossum","Lasioglossum_lassp9","Female",-26.37,0.006705,0.00467715490442641,0.929857643,0.0405709255502016,0.00159318908802735
"166","Halictidae","Halictini","Switzerland","LK","Halictinae","Lasioglossum","Lasioglossum_laticeps","Female",47.3769,0.00524066666666667,0.00169045358804474,1.332,0.143535129265742,0.00386957804855825
"167","Halictidae","Halictini","Switzerland","LK","Halictinae","Lasioglossum","Lasioglossum_lativentre","Female",47.3769,0.008628,NA,1.53766666666667,NA,0.00551609436222666
"168","Halictidae","Halictini","Australia","LK","Halictinae","Lasioglossum","Lasioglossum_leichardti","Female",-30.09,0.011756,0.00113048662088501,1.910077458,0.0942456141576252,0.00942308702569126
"169","Halictidae","Halictini","Ireland","LR","Halictinae","Lasioglossum","Lasioglossum_leucopus","Female",53.31,0.00836077419354839,0.00183345543913994,1.2,0.107077761663092,0.00299058839563426
"170","Halictidae","Halictini","Germany","LK","Halictinae","Lasioglossum","Lasioglossum_leucozonium","Female",10.0531536,0.005032,0.000735642576255616,1.7807326628,0.0307928563144116,0.0079250779112753
"171","Halictidae","Halictini","Germany","LK","Halictinae","Lasioglossum","Lasioglossum_malachurum","Female",10.060764,0.001,NA,1.60421939545161,NA,0.00612444848298641
"172","Halictidae","Halictini","Switzerland","LK","Halictinae","Lasioglossum","Lasioglossum_malachurum","Female",47.3769,0.0017668,0.000612960512165086,1.4492,0.0694904290446504,0.00476532118172379
"173","Halictidae","Halictini","Germany","LK","Halictinae","Lasioglossum","Lasioglossum_minutissimum","Female",9.755828,0.001508,0.000949173324530351,0.858613597,0.0678321457717504,0.00130854988175902
"174","Halictidae","Halictini","Germany","LK","Halictinae","Lasioglossum","Lasioglossum_morio","Female",9.7735116,0.003096,NA,1.00389617635,NA,0.00192495262463617
"175","Halictidae","Halictini","Switzerland","LK","Halictinae","Lasioglossum","Lasioglossum_morio","Female",47.3769,0.00783871,0.000565685424949238,0.9568,0.00347428643786678,0.00170960497014362
"176","Halictidae","Halictini","Germany","LK","Halictinae","Lasioglossum","Lasioglossum_nitidulum","Female",10.050008,0.011378,0.000353553390593273,1.196408646,0.0959771540956212,0.0029685379710998
"177","Halictidae","Halictini","Australia","LK","Halictinae","Lasioglossum","Lasioglossum_orbatum","Female",-36.555,0.00460633333333333,0.00302800678114608,1.6809909975,0.122426576635413,0.0068737499207068
"178","Halictidae","Halictini","Australia","LK","Halictinae","Lasioglossum","Lasioglossum_orbitum","Female",-30,0.00207984615384615,0.000773562767163948,1.9257388645,0.0682599850342058,0.00961500817416246
"179","Halictidae","Halictini","Switzerland","LK","Halictinae","Lasioglossum","Lasioglossum_pauxillium","Female",47.3769,0.00388533333333333,0.000959302524406839,1.13533333333333,0.0690509809699001,0.00260828707156493
"180","Halictidae","Halictini","Germany","LK","Halictinae","Lasioglossum","Lasioglossum_pauxillum","Female",9.79967548076923,0.00105,7.07106781186548e-05,1.04412331475,0.0382171472809999,0.00212104695252382
"181","Halictidae","Halictini","Australia","LK","Halictinae","Lasioglossum","Lasioglossum_platychilum","Female",-26.34,0.000314,0.000282842712474619,1.45579429833333,0.00565685424949239,0.00481903936634402
"182","Halictidae","Halictini","Germany","LK","Halictinae","Lasioglossum","Lasioglossum_politum","Female",9.755828,0.006346,0.00252804272115801,0.896692311,0.140617769214113,0.00145653914558939
"183","Halictidae","Halictini","Switzerland","LK","Halictinae","Lasioglossum","Lasioglossum_politum","Female",47.3769,0.033828,NA,0.91,NA,0.00151049513540175
"184","Halictidae","Halictini","Germany","LK","Halictinae","Lasioglossum","Lasioglossum_puncticolle","Female",10.0758178333333,0.012534,NA,1.5290855875,NA,0.00544039927228234
"185","Halictidae","Halictini","Germany","LK","Halictinae","Lasioglossum","Lasioglossum_qudrinotatum","Female",9.755828,0.00344181818181818,0.000968200580270619,1.469101376,0.0743117728690268,0.00492853384642071
"186","Halictidae","Halictini","Australia","LK","Halictinae","Lasioglossum","Lasioglossum_sulthicum","Female",-30.49,0.0217793333333333,0.00150122172468515,2.016943528,0.200427749478518,0.0107787782982695
"187","Halictidae","Halictini","USA","JC","Halictinae","Lasioglossum","Lasioglossum_versatus","Female",32.531318,0.0108333336666667,0.00626285344977298,1.3232,0.152752523165195,0.00380676205744345
"188","Halictidae","Halictini","Germany","LK","Halictinae","Lasioglossum","Lasioglossum_villosulum","Female",10.0243719090909,0.00215,0.00139064286492902,1.221087226,0.141421356237309,0.00312202572030606
"189","Halictidae","Halictini","Ireland","LR","Halictinae","Lasioglossum","Lasioglossum_villosulum","Female",53.31,0.002716667,0.00162634559672906,1.7,0.141421356237309,0.00706726963231608
"190","Halictidae","Halictini","Germany","LK","Halictinae","Lasioglossum","Lasioglossum_xanthopus","Female",10.0515448333333,0.004766667,NA,2.33109292333333,NA,0.0154096084212644
"191","Colletidae","Paracolletini","Australia","LK","Colletinae","Leioproctus","Leioproctus_clarki","Female",-36.63,0.01063871,NA,2.264455173,NA,0.0143446900773956
"192","Colletidae","Paracolletini","Australia","LK","Colletinae","Leioproctus","Leioproctus_leisp1","Female",-36.6566666666667,0.0101720433333333,0.000802080627701065,2.07795136066667,0.0284470985456351,0.0116017563391557
"193","Colletidae","Paracolletini","Australia","LK","Colletinae","Leioproctus","Leioproctus_obscurus","Female",-36.6594594594595,0.00996843972972973,0.000984565573930639,2.04507928237838,0.0850325459620679,0.0111538463712486
"194","Halictidae","Nomiini","Australia","LK","Nomiinae","Lipotriches","Lipotriches_australica","Female",-34.607,0.022145497,0.00516912435609112,2.5286723181,0.148842514794959,0.0188378890599097
"195","Halictidae","Nomiini","Australia","LK","Nomiinae","Lipotriches","Lipotriches_ferricauda","Female",-30.01,0.010728,NA,1.772502747,NA,0.00783494921422606
"196","Halictidae","Nomiini","Australia","LK","Nomiinae","Lipotriches","Lipotriches_flavoviridis","Female",-22.255,0.0048545,0.00295208553399118,1.541573768,0.134838561102653,0.00555076589101696
"197","Halictidae","Nomiini","Australia","LK","Nomiinae","Lipotriches","Lipotriches_lipsp1","Female",-27.06,0.004134,NA,1.87138457,NA,0.00895876205451198
"198","Halictidae","Nomiini","Australia","LK","Nomiinae","Lipotriches","Lipotriches_lipsp10","Female",-26.1033333333333,0.015828,0.00455302097513288,2.20406151233333,0.19534590072621,0.0134184976291841
"199","Halictidae","Nomiini","Australia","LK","Nomiinae","Lipotriches","Lipotriches_lipsp11","Female",-36.5666666666667,0.00667204333333333,0.00158850034099251,1.61056584766667,0.124715398687528,0.00618444608657814
"200","Halictidae","Nomiini","Australia","LK","Nomiinae","Lipotriches","Lipotriches_lipsp12","Female",-36.6042857142857,0.00951728142857143,0.000727671281902408,1.81088854792857,0.0716257621214127,0.00826058264570291
"201","Halictidae","Nomiini","Australia","LK","Nomiinae","Lipotriches","Lipotriches_lipsp4","Female",-26.2786363636364,0.003698,0.00120425199071575,1.41558459004545,0.140913873825596,0.00449703096385853
"202","Halictidae","Nomiini","Australia","LK","Nomiinae","Lipotriches","Lipotriches_lipsp7","Female",-26.28,0.010128,NA,1.905164075,NA,0.00936335043008676
"203","Halictidae","Nomiini","Australia","LK","Nomiinae","Lipotriches","Lipotriches_lipsp8","Female",-26.04,0.012228,0.00324499614791759,2.06116397066667,0.134126118885389,0.0113717029734738
"204","Melittidae","Macropidini ","Switzerland","LK","Melittinae","Macropis","Macropis_europaea","Female",47.3769,0.013684,NA,2.376,NA,0.0161529803614047
"205","Megachilidae","Megachilini","Australia","LK","Megachilinae","Megachile","Megachile_apicata","Female",-25.033,0.041847,NA,1.7618775574,NA,0.00771949496576435
"206","Megachilidae","Megachilini","Australia","LK","Megachilinae","Megachile","Megachile_aurifrons","Female",-25.75,0.0070468,0.00107629000635413,3.998265032,0.117052183334472,0.0583890412468614
"207","Megachilidae","Megachilini","Australia","LK","Megachilinae","Megachile","Megachile_callura","Female",-25.75,0.045428,NA,1.40891244,NA,0.00444487674710536
"208","Megachilidae","Megachilini","Australia","LK","Megachilinae","Megachile","Megachile_chrysopyea","Female",-36.63,0.0041,NA,2.047652169,NA,0.01118852605069
"209","Megachilidae","Megachilini","Germany","LK","Megachilinae","Megachile","Megachile_ericetorum","Female",10.057994,0.01003871,NA,2.988564923,NA,0.0284587072982675
"210","Megachilidae","Megachilini","Australia","LK","Megachilinae","Megachile","Megachile_heriadiformis","Female",-34.3766666666667,0.029596,NA,2.16086469066667,NA,0.0127784791804172
"211","Megachilidae","Megachilini","Australia","LK","Megachilinae","Megachile","Megachile_maculariformis","Female",-33.265,0.0117038066666667,0.00375666004956974,3.52995826,0.295606891147352,0.0429287333779659
"212","Megachilidae","Megachilini","Australia","LK","Megachilinae","Megachile","Megachile_macularis","Female",-26,0.033831355,0.0108790428895216,3.028486156,0.412137188828793,0.0294065679071424
"213","Megachilidae","Megachilini","Australia","LK","Megachilinae","Megachile","Megachile_megbid","Female",-26.28,0.030328,NA,1.6404555915,NA,0.00647170961391108
"214","Megachilidae","Megachilini","Australia","LK","Megachilinae","Megachile","Megachile_megsp2","Female",-30.11,0.007028,0.00424264068711928,3.280911183,0.0720914363378896,0.0358337438176201
"215","Megachilidae","Megachilini","Australia","LK","Megachilinae","Megachile","Megachile_megsp4","Female",-28.51,0.032828,NA,2.652612392,NA,0.0212003579809137
"216","Megachilidae","Megachilini","Australia","LK","Megachilinae","Megachile","Megachile_oblonga","Female",-36.65,0.024028,NA,1.999746689,NA,0.0105532826018396
"217","Megachilidae","Megachilini","Australia","LK","Megachilinae","Megachile","Megachile_paracallida","Female",-25.95,0.01043871,NA,1.412474642,NA,0.00447267638111801
"218","Megachilidae","Megachilini","Australia","LK","Megachilinae","Megachile","Megachile_serricauda","Female",-30.11,0.00374,0.000415932686861708,3.112627831,0.0710895417824624,0.0314652067370346
"219","Megachilidae","Megachilini","Australia","LK","Megachilinae","Megachile","Megachile_simplex","Female",-36.4,0.023224,NA,2.4548487455,NA,0.0175089583960549
"220","Megachilidae","Megachilini","Australia","LK","Megachilinae","Megachile","Megachile_tenuicincta","Female",-24.065,0.01388871,0.00233345237791561,2.5766085065,0.0121600014718732,0.0197319462206349
"221","Megachilidae","Megachilini","USA","JC","Megachilinae","Megachile","Megachile_texana","Female",32.531318,0.0161795,0.00281876502846801,3.6873,0.203177785639067,0.0478090507470101
"222","Apidae","Eucerini","USA","JC","Apinae","Melissodea","Melissodea_agilis","Female",32.531318,0.031122,NA,3.2497,NA,0.0349979372495044
"223","Melittinae","Melittini ","Switzerland","LK","Melittinae","Melitta","Melitta_nigricans","Female",47.3769,0.017621,NA,2.27,NA,0.0144315730878363
"224","Apidae","Nomadini","Spain","IB","Nomadinae","Nomada","Nomada_agrestis","Female",37.396355,0.0255,NA,2.68,NA,0.0217449217465519
"225","Apidae","Nomadini","Germany","LK","Nomadinae","Nomada","Nomada_fabriciana","Female",10.124092,0.013,NA,1.59869184,NA,0.00607247581453777
"226","Apidae","Nomadini","Switzerland","LK","Nomadinae","Nomada","Nomada_fabriciana","Female",47.3769,0.0273,NA,1.595,NA,0.00603791010002779
"227","Apidae","Nomadini","Spain","IB","Nomadinae","Nomada","Nomada_fucata","Female",37.396355,0.0069,NA,2.08,NA,0.0116300186061163
"228","Apidae","Nomadini","Spain","IB","Nomadinae","Nomada","Nomada_melathoracica","Female",37.396355,0.009596,NA,2.76,NA,0.0233829253781327
"229","Apidae","Nomadini","Spain","IB","Nomadinae","Nomada","Nomada_merceti","Female",37.396355,0.01129,NA,0.91,NA,0.00151049513540175
"230","Halictidae","Nomiini","USA","JC","Nomiinae","Nomia","Nomia_melanderi","Female",32.531318,0.035861,NA,2.497,NA,0.0182606550295049
"231","Halictidae","Nomiini","Australia","LK","Nomiinae","Nomia","Nomia_nomsp1","Female",-30.01,0.022334,NA,2.664895849,NA,0.0214435808980788
"232","Megachilidae","Osmiini","Germany","LK","Megachilinae","Osmia","Osmia_adunca","Female",10.050008,0.022946,0.000919238815542511,2.425061364,0.120297156332261,0.0169890513105752
"233","Megachilidae","Osmiini","Germany","LK","Megachilinae","Osmia","Osmia_bicolor","Female",10.040881,0.022996,NA,2.411242476,NA,0.0167510177774017
"234","Megachilidae","Osmiini","Germany","LK","Megachilinae","Osmia","Osmia_bicornis","Female",10.050008,0.035946,0.000777817459305205,2.9621554915,0.0668800070346429,0.0278417914926692
"235","Megachilidae","Osmiini","Switzerland","LK","Megachilinae","Osmia","Osmia_bicornis","Female",47.3769,0.0314476666666667,0.00295738623337117,2.96733333333333,0.159406189758532,0.0279621104914112
"236","Megachilidae","Osmiini","Germany","LK","Megachilinae","Osmia","Osmia_gallarum","Female",10.0989826666667,0.005596,0.00205182845286832,1.83105388866667,0.0811878233345377,0.00848956776466288
"237","Megachilidae","Osmiini","Germany","LK","Megachilinae","Osmia","Osmia_spinulosa","Female",10.124092,0.008546,0.00459619407771256,1.8035184745,0.28793146087265,0.0081778208309255
"238","Andrenidae","Panurgini","Spain","IB","Panurginae","Panurgus","Panurgus_calcaratus","Female",37.396355,0.0125,NA,1.26,NA,0.00337345671538954
"239","Andrenidae","Panurgini","Spain","IB","Panurginae","Panurgus","Panurgus_dargius","Female",37.396355,0.0095,NA,2.06,NA,0.0113558535485678
"240","Andrenidae","Perditini","USA","JC","Panurginae","Perdita","Perdita_coreopsidis","Female",32.531318,0.004548,NA,1.4785,NA,0.0050067519111219
"241","Megachilidae","Anthidini","Spain","IB","Megachilinae","Pseudoanthidium","Pseudoanthidium_melanorum","Female",37.396355,0.0289,NA,3.45,NA,0.0405676038706764
"242","Halictidae","Halictini","Switzerland","LK","Halictinae","Sphecodes","Sphecodes_crassus","Female",47.3769,0.0063,NA,1.263,NA,0.00339332332235828
"243","Halictidae","Halictini","Germany","LK","Halictinae","Sphecodes","Sphecodes_ephippius","Female",10.124092,0.00889,NA,1.271337729,NA,0.00344890240547143
"244","Halictidae","Halictini","Switzerland","LK","Halictinae","Sphecodes","Sphecodes_monilllocornis","Female",47.3769,0.006696,NA,1.488,NA,0.00508655947191161
"245","Halictidae","Halictini","Spain","IB","Halictinae","Sphecodes","Sphecodes_sp","Female",37.396355,0.007334,NA,1.57,NA,0.00580692291474916
"246","Apidae","Meliponini","Australia","LK","Apinae","Tetragonula","Tetragonula_carbonaria","Female",-29.2761111111111,0.00196322222222222,0.000490602097733646,1.15935355244444,0.0745663351429342,0.00274666504591987
"247","Apidae","Meliponini","Australia","LK","Apinae","Tetragonula","Tetragonula_mellipes","Female",-14.5838095238095,0.00194790476190476,0.000688221033154459,1.11589351404762,0.0500416706092264,0.00249939887150233
"248","Apidae","Melectini","Australia","LK","Apinae","Thyreus","Thyreus_nitidulus","Female",-24.84,0.026928,NA,2.822738262,NA,0.0247173002203206
"249","Apidae","Melectini","Australia","LK","Apinae","Thyreus","Thyreus_waroonensis","Female",-34.0825,0.0227360325,0.00346021984022572,2.6971399215,0.267583238391569,0.0220899129705722
"250","Apidae","Epeolini","USA","JC","Nomadinae","Triepeolus","Triepeolus_verbesinae","Female",32.531318,0.016566,NA,2.3826,NA,0.0162639935218017
"251","Apidae","Xylocopini","Australia","LK","Xylocopinae","Xylocopa","Xylocopa_bombylans","Female",-29.885,0.1002,NA,4.60897215864286,NA,0.0829382895691175
"252","Apidae","Xylocopini","Spain","IB","Xylocopinae","Xylocopa","Xylocopa_cantabrita","Female",37.396355,0.1948,NA,5.71,NA,0.140753902251945
"253","Apidae","Xylocopini","Australia","LK","Xylocopinae","Xylocopa","Xylocopa_lieftincki","Female",-29.97,0.151718,NA,6.89184812875,NA,0.22396744859864
"254","Apidae","Xylocopini","USA","JC","Xylocopinae","Xylocopa","Xylocopa_micans","Female",32.531318,0.188354,NA,5.9118,NA,0.153356935786325
"255","Apidae","Xylocopini","Spain","IB","Xylocopinae","Xylocopa","Xylocopa_valga","Female",37.396355,0.101642428571429,0.0170251950343027,8.02,0.278882489981011,0.325647060197345
"256","Apidae","Xylocopini","USA","JC","Xylocopinae","Xylocopa","Xylocopa_virginica","Female",32.531318,0.260256,0.0450116701015785,5.6496,0.442827412444731,0.13710621217661
"260","Andrenidae","Andrenini","Switzerland","LK","Andreninae","Andrena","Andrena_alfkenella","Male",47.3769,0.0108,NA,1.332,NA,0.00386957804855825
"262","Andrenidae","Andrenini","Spain","IB","Andreninae","Andrena","Andrena_flavipes","Male",37.396355,0.0039,NA,1.94,NA,0.00979177624115916
"276","Andrenidae","Andrenini","Ireland","LR","Andreninae","Andrena","Andrena_subopaca","Male",53.31,0.00859,0.0015556349186104,1.4,0.190918830920368,0.0043757747919873
"279","Apidae","Anthophorini","Spain","IB","Apinae","Anthophora","Anthophora_aestivalis","Male",37.396355,0.0555,NA,4.59,NA,0.082097877822797
"280","Apidae","Anthophorini","Spain","IB","Apinae","Anthophora","Anthophora_dispar","Male",37.396355,0.0503,NA,3.76,NA,0.0501702814155889
"283","Apidae","Bombini","Switzerland","LK","Apinae","Bombus","Bombus_bohemicus","Male",47.3769,0.059361,NA,3.916,NA,0.0554674369131768
"284","Apidae","Bombini","Ireland","LR","Apinae","Bombus","Bombus_hortorum","Male",53.31,0.0481142857142857,0.00734198623703163,5,0.284023331739185,0.101409132336419
"288","Apidae","Bombini","Switzerland","LK","Apinae","Bombus","Bombus_Lapidarius","Male",47.3769,0.047674,NA,3.506,NA,0.0422129127867893
"289","Apidae","Bombini","Britain","LK","Apinae","Bombus","Bombus_lucorum","Male",51.465,0.03625,0.0127986327394765,4.47517022375,0.354811467907293,0.0771194835003546
"290","Apidae","Bombini","Switzerland","LK","Apinae","Bombus","Bombus_lucorum","Male",47.3769,0.044174,NA,4.156,NA,0.0642424362512522
"299","Apidae","Bombini","Switzerland","LK","Apinae","Bombus","Bombus_vestalis","Male",47.3769,0.0801555556666667,0.0109200288820674,3.783,0.251661147842358,0.0509314381434523
"300","Colletidae","Euryglossinae","Australia","LK","Euryglossinae","Callohesma","Callohesma_calsp1","Male",-24.84,0.004828,NA,1.585794211,NA,0.00595222956187406
"305","Megachilidae","Megachilini","Germany","LK","Megachilinae","Coelioxys","Coelioxys_inermis","Male",10.040881,0.010196,NA,1.87138457,NA,0.00895876205451198
"307","Colletidae","Colletini","Spain","IB","Colletinae","Colletes","Colletes_nigricans","Male",37.396355,0.0075,NA,1.85,NA,0.00870811074996604
"310","Apidae","Eucerini","Spain","IB","Apinae","Eucera","Eucera_elongatula","Male",37.396355,0.021,NA,2.9,NA,0.0264214790756374
"311","Apidae","Eucerini","Switzerland","LK","Apinae","Eucera","Eucera_longicornis","Male",47.3769,0.032,NA,3.073,NA,0.030485333238289
"312","Apidae","Eucerini","Switzerland","LK","Apinae","Eucera","Eucera_nigrescens","Male",47.3769,0.027374,NA,3.015,NA,0.0290842950850714
"313","Apidae","Eucerini","Spain","IB","Apinae","Eucera","Eucera_rufa","Male",37.396355,0.034771,0.00615182899632297,3.46,0.189504617357995,0.0408585570089136
"316","Colletidae","Colletini","Australia","LK","Colletinae","Goniocolletes","Goniocolletes_perfasciatus","Male",-25.75,0.0054,NA,1.929116815,NA,0.00965670505758714
"323","Colletidae","Halictina","Australia","LK","Hylaeinae","Hylaeus","Hylaeus_amiculus","Male",-26.42,7e-04,NA,0.770786884,NA,0.00100248930628901
"327","Colletidae","Halictina","Australia","LK","Hylaeinae","Hylaeus","Hylaeus_elegans","Male",-27.06,0.002296,0.000424264068711928,1.532975349,0.0121600014718733,0.00547463438107597
"328","Colletidae","Halictina","Germany","LK","Hylaeinae","Hylaeus","Hylaeus_gredleri","Male",10.0363875,0.002766667,NA,0.9353851985,NA,0.00161667549821421
"333","Halictidae","Halictini","Australia","LK","Halictinae","Lasioglossum","Lasioglossum_lassp1","Male",-29.98,0.00286733333333333,0.00023094010767585,1.393762844,0.0652479732360339,0.00432779817222464
"335","Halictidae","Halictini","Australia","LK","Halictinae","Lasioglossum","Lasioglossum_lassp3","Male",-24.84,0.001734,NA,1.231416496,NA,0.00318763901265381
"336","Halictidae","Halictini","Australia","LK","Halictinae","Lasioglossum","Lasioglossum_lassp4","Male",-29.94,0.003228,NA,1.3216999,NA,0.00379611505426109
"337","Halictidae","Halictini","Australia","LK","Halictinae","Lasioglossum","Lasioglossum_lassp6","Male",-26.37,0.0024,NA,1.253526717,NA,0.00333082555389345
"342","Halictidae","Halictini","Spain","IB","Halictinae","Lasioglossum","Lasioglossum_leucozonium","Male",37.396355,0.002164,NA,1.315,NA,0.00374877871562975
"343","Halictidae","Halictini","Switzerland","LK","Halictinae","Lasioglossum","Lasioglossum_leucozonium","Male",47.3769,0.00255,0.000777817459305202,1.6255,0.187177164074011,0.00632700483384421
"346","Halictidae","Halictini","Australia","LK","Halictinae","Lasioglossum","Lasioglossum_pulvitectum","Male",-36.63,0.00583333366666667,0.00105987420637231,1.45251871,0.1,0.00479231112844068
"347","Halictidae","Halictini","Switzerland","LK","Halictinae","Lasioglossum","Lasioglossum_zonulum","Male",47.3769,0.001966667,0.000282842712474619,1.455,0,0.0048125499040332
"348","Colletidae","Paracolletini","Australia","LK","Colletinae","Leioproctus","Leioproctus_amabilis","Male",-36.6389285714286,0.00699228142857143,0.000710493903775104,1.87215228642857,0.105426788539517,0.00896783932613048
"349","Colletidae","Paracolletini","Australia","LK","Colletinae","Leioproctus","Leioproctus_flavomaculatus","Male",-30.01,0.006503,0.000639661368746516,1.7503925255,0.0856809600576224,0.00759584281588985
"350","Colletidae","Paracolletini","Australia","LK","Colletinae","Leioproctus","Leioproctus_leisp3","Male",-36.7,0.00558871,0.000919238815542512,1.6855972935,0.0473371482081282,0.00692035062917345
"353","Halictidae","Nomiini","Australia","LK","Nomiinae","Lipotriches","Lipotriches_lipsp3","Male",-29.94,0.011734,NA,2.214707174,NA,0.0135790921720595
"355","Halictidae","Nomiini","Australia","LK","Nomiinae","Lipotriches","Lipotriches_sp6","Male",-26.37,0.009828,NA,2.080203328,NA,0.0116328258757425
"358","Megachilidae","Megachilini","Australia","LK","Megachilinae","Megachile","Megachile_captionis","Male",-26.06,0.009114,0.00129259119600901,2.145305646,0.109440012539753,0.0125524977725291
"361","Megachilidae","Megachilini","Switzerland","LK","Megachilinae","Megachile","Megachile_ericetorum","Male",47.3769,0.025204,NA,3.165,NA,0.0327886070682804
"366","Megachilidae","Megachilini","Australia","LK","Megachilinae","Megachile","Megachile_megsp1","Male",-26.28,0.003,NA,1.398471502,NA,0.00436398836665595
"368","Megachilidae","Megachilini","Australia","LK","Megachilinae","Megachile","Megachile_megsp3","Male",-26.37,0.012928,NA,2.114597005,NA,0.012113502348372
"369","Megachilidae","Megachilini","Australia","LK","Megachilinae","Megachile","Megachile_micrerythrura","Male",-14.62,0.004734,0.000424264068711929,1.854801904,0.117257155787516,0.00876402621584452
"371","Megachilidae","Megachilini","Australia","LK","Megachilinae","Megachile","Megachile_turneri","Male",-14.59,0.004278,0.000777817459305202,1.518849374,0.096411439988743,0.00535091671079876
"372","Apidae","Melectini","Germany","LK","Apinae","Melecta","Melecta_punctata","Male",10.113375,0.036496,NA,3.265556863,NA,0.035421102639642
"374","Apidae","Nomadini","Switzerland","LK","Nomadinae","Nomada","Nomada_flava","Male",47.3769,0.0086,NA,1.777,NA,0.00788412419976984
"376","Apidae","Nomadini","Switzerland","LK","Nomadinae","Nomada","Nomada_sexfasciata","Male",47.3769,0.01969,NA,1.907,NA,0.00938564503927677
"378","Megachilidae","Osmiini","Spain","IB","Megachilinae","Osmia","Osmia_bicornis","Male",37.396355,0.0306,NA,2.94,NA,0.0273304399447387
"381","Megachilidae","Osmiini","Switzerland","LK","Megachilinae","Osmia","Osmia_caerulescens","Male",47.3769,0.016687,NA,1.718,NA,0.00725347155516735
"382","Megachilidae","Osmiini","Germany","LK","Megachilinae","Osmia","Osmia_florisomnis","Male",10.135947,0.019994,NA,1.461731302,NA,0.0048677099243607
"384","Megachilidae","Osmiini","Germany","LK","Megachilinae","Osmia","Osmia_lagopus","Male",10.057994,0.00426266666666667,0.000611010092660779,1.927888469,0.145942418003011,0.00964153012810684
"385","Megachilidae","Osmiini","Germany","LK","Megachilinae","Osmia","Osmia_leaiana","Male",10.040881,0.010096,NA,1.927274297,NA,0.00963394800005815
"386","Megachilidae","Osmiini","Germany","LK","Megachilinae","Osmia","Osmia_niveata","Male",10.040881,0.010996,NA,1.887353064,NA,0.00914869697620804
"387","Megachilidae","Osmiini","Germany","LK","Megachilinae","Osmia","Osmia_rapunculi","Male",10.040881,0.008996,NA,1.634928036,NA,0.00641800017004852
"388","Megachilidae","Osmiini","Spain","IB","Megachilinae","Osmia","Osmia_submicans","Male",37.396355,0.006896,NA,3.33,NA,0.0371721162032893
"389","Megachilidae","Osmiini","Germany","LK","Megachilinae","Osmia","Osmia_truncorum","Male",10.06346,0.006046,0.00113871272350258,1.45942815425,0.168245522119767,0.0048487945556518
"390","Andrenidae","Panurgini","Spain","IB","Panurginae","Panurgus","Panurgus_banksianus","Male",37.396355,0.0149,NA,2.16,NA,0.0127658573197589
"391","Andrenidae","Panurgini","Spain","IB","Panurginae","Panurgus","Panurgus_cephalotes","Male",37.396355,0.0097,NA,1.81,NA,0.00825057845523995
"393","Halictidae","Halictini","Switzerland","LK","Halictinae","Sphecodes","Sphecodes_ephippius","Male",47.3769,0.002204,NA,1.277,NA,0.00348695364204365
"394","Halictidae","Rophitini","Spain","IB","Rophitinae","Systropha","Systropha_planidens","Male",37.396355,0.0155666666666667,0.00630026454471027,2.38333333333333,0.0513160143944689,0.0162763562505894
"399","Megachilidae","Anthidini","Spain","IB","Megachilinae","Xylocopa","Xylocopa_sticticum","Male",37.396355,0.083303,0.014971166732534,3.66,0.261027605784239,0.046939815378548
