Reference,Source,Region,Location,Social_three,Social_strict,Nesting,Superfamily,Family,Subfamily,Tribe,Genus,Subgenus,Species,IT,Spec.wgt,Type,N,Mean,Median,Max,VAR,VAR.TYPE,NOTES
Michener (1974),GL07_S2,SouthAmerica,NA,ES,ES,Cavity,Apoidea,Apidae,Apinae,Meliponini,Plebeia,,Plebeia_mosquito,1,NA,FT,,500,,,,,
Van Nieuwstadt and Iraheta (1996),GL07_S2,CentralAmerica,Costa Rica,ES,ES,Cavity,Apoidea,Apidae,Apinae,Meliponini,Tetragonisca,,Tetragonisca_angustula,1,NA,FT,,700,,,,,
C. O’Toole (PC_2004),GL07_S3,Europe,UK,SO,ES,Soil,Apoidea,Halictidae,Halictinae,Halictini,Lasioglossum,,Lasioglossum_pauxillum,1.1,NA,NPA,,480,,,,,
Michener (1974),GL07_S2,SouthAmerica,NA,ES,ES,Cavity,Apoidea,Apidae,Apinae,Meliponini,Heterotrigona,,Heterotrigona_iridipennis,1.2,NA,FT,,100,,,,,
Batra (1984),GL07_S1,CentralAmerica,Costa Rica,SO,SO,Soil,Apoidea,Halictidae,Halictinae,Halictini,Lasioglossum,,Lasioglossum_umbripenne,1.2,NA,H,,100,,200,,,
Van Nieuwstadt and Iraheta (1996),GL07_S2,CentralAmerica,Costa Rica,ES,ES,Cavity,Apoidea,Apidae,Apinae,Meliponini,Nannotrigona,,Nannotrigona_perilampoidea,1.4,NA,FT,,100,,,,,
Wille (1976),GL07_S3,SouthAmerica,NA,ES,ES,Cavity,Apoidea,Apidae,Apinae,Meliponini,Melipona,,Melipona_flavipennis,1.5,NA,H,,2000,,,,,
Van Nieuwstadt and Iraheta (1996),GL07_S2,CentralAmerica,Costa Rica,ES,ES,Cavity,Apoidea,Apidae,Apinae,Meliponini,Trigona,,Trigona_corvina,1.5,NA,FT,,300,,,,,
Kapyla (1978),GL07_S3,Europe,NA,SO,SO,Cavity,Apoidea,Megachilidae,Megachilinae,Osmiini,Chelostoma,,Chelostoma_florisomne,1.5,NA,MR,,300,,,,,
Gathmann and Tscharntke (2002) - Gathmann (1998),GL07_S3,Europe,Germany,SO,SO,Cavity,Apoidea,Megachilidae,Megachilinae,Osmiini,Chelostoma,,Chelostoma_rapunculi,1.5,NA,N_S,,200,,,,,
Appanah (1979) in Appanah (1982),GL07_S3,Asia,NA,ES,ES,Cavity,Apoidea,Apidae,Apinae,Meliponini,Heterotrigona,,Heterotrigona_erythrogastra,1.6,NA,N_S,,1100,,,,,
Kapyla (1978),GL07_S3,Europe,NA,SO,SO,Cavity,Apoidea,Megachilidae,Megachilinae,Osmiini,Chelostoma,,Chelostoma_florisomne,1.6,NA,MR,,100,,,,,
C. O’Toole (PC_2004),GL07_S3,Europe,UK,AG,ES,Soil,Apoidea,Halictidae,Halictinae,Halictini,Lasioglossum,,Lasioglossum_malachurum,1.7,NA,NPA,,500,,,,,
Dyer and Seeley (1991),GL07_S2,Asia,Sri Lanka,ES,ES,AG,Apoidea,Apidae,Apinae,Apini,Apis,,Apis_florea,1.8,NA,FT,,400,,,,,
Abrol (1988),GL07_S3,Asia,NA,ES,ES,AG,Apoidea,Apidae,Apinae,Apini,Apis,Apis,Apis_florea,1.8,NA,N_S,,500,,,,,
Van Nieuwstadt and Iraheta (1996),GL07_S2,CentralAmerica,Costa Rica,ES,ES,Cavity,Apoidea,Apidae,Apinae,Meliponini,Partamona,,Partamona_aff cupira,1.8,NA,FT,,500,,,,,
Michener (1974),GL07_S2,SouthAmerica,NA,ES,ES,Cavity,Apoidea,Apidae,Apinae,Meliponini,Trigona,,Trigona_spinipes,1.8,NA,FT,,800,,,,,
Abrol (1988),GL07_S3,Asia,NA,SO,SO,Cavity,Apoidea,Megachilidae,Megachilinae,Megachilini,Megachile,,Megachile_nana,1.9,NA,FA,,800,,,,,
Abrol (1988),GL07_S1,Asia,India,SO,SO,Cavity,Apoidea,Megachilidae,Megachilinae,Megachilini,Megachile,,Megachile_nana,1.9,NA,H,,400,,600,,,
Roubik (1989),GL07_S3,CentralAmerica,NA,ES,ES,Cavity,Apoidea,Apidae,Apinae,Meliponini,Scaptotrigona,,Scaptotrigona_luteipennis,2,NA,PM,,1300,,,,,
Gathmann and Tscharntke (2002),GL07_S1,Europe,Germany,AG,SO,Soil,Apoidea,Andrenidae,Andreninae,Andrenini,Andrena,,Andrena_barbilabris,2.1,NA,H,,100,,500,,,
Gathmann and Tscharntke (2002) - Wesserling (1996),GL07_S3,Europe,Germany,AG,SO,Soil,Apoidea,Andrenidae,Andreninae,Andrenini,Andrena,,Andrena_barbilabris,2.1,NA,N_S,,300,,,,,
Gathmann and Tscharntke (2002) - Witt (1992),GL07_S3,Europe,Germany,AG,SO,Soil,Apoidea,Andrenidae,Andreninae,Andrenini,Andrena,,Andrena_barbilabris,2.1,NA,N_S,,500,,,,,
Gathmann and Tscharntke (2002),GL07_S1,Europe,Germany,AG,SO,Soil,Apoidea,Apidae,Apinae,Eucerini,Tetraloniella,,Tetraloniella_salicariae,2.1,NA,H,,200,,400,,,
Westrich (1996),GL07_S3,Europe,NA,SO,SO,Soil,Apoidea,Halictidae,Rophitinae,Rophitini,Systropha,,Systropha_planidens,2.1,NA,NPA,,100,,,,,
Gathmann and Tscharntke (2002),GL07_S1,Europe,Germany,AG,ES,Soil,Apoidea,Andrenidae,Andreninae,Andrenini,Andrena,,Andrena_flavipes,2.2,NA,H,,200,,400,,,
Gathmann and Tscharntke (2002) - Wesserling (1996),GL07_S3,Europe,Germany,AG,ES,Soil,Apoidea,Andrenidae,Andreninae,Andrenini,Andrena,,Andrena_flavipes,2.2,NA,N_S,,300,,,,,
C. O’Toole (personal communication 7/14/04),GL07_S3,Europe,UK,AG,ES,Soil,Apoidea,Andrenidae,Andreninae,Andrenini,Andrena,,Andrena_flavipes,2.2,NA,PM,,500,,,,,
Beil et al. (2008),Z2010_T1,Europe,Germany,AG,ES,Soil,Apoidea,Andrenidae,Andreninae,Andrenini,Andrena,,Andrena_flavipes,2.2,NA,PM,3,,,1150,,,
Munster-Swendsen (1968),GL07_S3,Europe,Germany,AG,SO,Soil,Apoidea,Andrenidae,Panurginae,Panurgini,Panurgus,,Panurgus_banksianus,2.2,NA,NPA,,300,,,,,
Abrol (1988),GL07_S3,Asia,NA,SO,SO,Cavity,Apoidea,Megachilidae,Megachilinae,Megachilini,Megachile,,Megachile_flavipes,2.2,NA,FA,,700,,,,,
Neff and Danforth (1991),GL07_S3,NorthAmerica,USA,AG,SO,Soil,Apoidea,Andrenidae,Panurginae,Panurgini,Macrotera,,Macrotera_texana,2.3,NA,MR,,200,,,,,
Roubik and Aluja (1983),GL07_S3,SouthAmerica,NA,ES,ES,Cavity,Apoidea,Apidae,Apinae,Meliponini,Cephalotrigona,,Cephalotrigona_capitata,2.3,NA,H,,1500,,,,,
Michener (1974),GL07_S2,SouthAmerica,NA,ES,ES,Cavity,Apoidea,Apidae,Apinae,Meliponini,Trigona,,Trigona_amalthea,2.3,NA,FT,,1000,,,,,
Packer (1970),GL07_S3,NorthAmerica,NA,SO,SO,Cavity,Apoidea,Megachilidae,Megachilinae,Megachilini,Megachile,,Megachile_rotundata,2.4,NA,FA,,20,,,,,
Robertson (1966),GL07_S3,Cosmo,NA,SO,SO,Cavity,Apoidea,Megachilidae,Megachilinae,Megachilini,Megachile,,Megachile_rotundata,2.4,NA,FA,,100,,,,,
Packer (1970),GL07_S1,NorthAmerica,USA,SO,SO,Cavity,Apoidea,Megachilidae,Megachilinae,Megachilini,Megachile,,Megachile_rotundata,2.4,NA,H,,1400,,700,,,
Tasei and Delaude (1984),GL07_S3,Cosmo,NA,SO,SO,Cavity,Apoidea,Megachilidae,Megachilinae,Megachilini,Megachile,,Megachile_rotundata,2.4,NA,MR,,100,,,,,
Bacon et al. (1965),GL07_S3,NorthAmerica,NA,SO,SO,Cavity,Apoidea,Megachilidae,Megachilinae,Megachilini,Megachile,,Megachile_rotundata,2.4,NA,MR,,200,,,,,
Tepedino (1983),GL07_S3,Europe,NA,SO,SO,Cavity,Apoidea,Megachilidae,Megachilinae,Megachilini,Megachile,,Megachile_rotundata,2.4,NA,PM,,500,,,,,
Packer (1970),GL07_S3,NorthAmerica,NA,SO,SO,Cavity,Apoidea,Megachilidae,Megachilinae,Megachilini,Megachile,,Megachile_rotundata,2.4,NA,PM,,1800,,,,,
Gathmann and Tscharntke (2002) - Molitor (1937),GL07_S3,Europe,Germany,SO,SO,Cavity,Apoidea,Megachilidae,Megachilinae,Osmiini,Hoplitis,,Hoplitis_anthocopoides,2.4,NA,N_S,,200,,,,,
Kuhn-Neto et al. (2009),NEW,SouthAmerica,Brazil,ES,ES,Cavity,Apoidea,Apidae,Apinae,Meliponini,Melipona,,Melipona_mandacaia,2.6,NA,FT,1204,500,,1840,,,
Kuhn-Neto et al. (2009),NEW,SouthAmerica,Brazil,ES,ES,Cavity,Apoidea,Apidae,Apinae,Meliponini,Melipona,,Melipona_mandacaia,2.6,NA,FT,958,600,,1560,,,
Dyer and Seeley (1991),GL07_S2,Asia,Sri Lanka,ES,ES,AG,Apoidea,Apidae,Apinae,Apini,Apis,,Apis_cerana,2.7,NA,FT,,800,,,,,
Dyer and Seeley (1991),GL07_S2,Asia,Thailand,ES,ES,AG,Apoidea,Apidae,Apinae,Apini,Apis,,Apis_cerana,2.7,NA,FT,,1300,,,,,
Michener (1974),GL07_S2,Asia,NA,ES,ES,AG,Apoidea,Apidae,Apinae,Apini,Apis,,Apis_cerana indica,2.7,NA,FT,,800,,,,,
Dhaliwal and Sharma (1973),NEW,Asia,India,ES,ES,AG,Apoidea,Apidae,Apinae,Apini,Apis,,Apis_cerana indica,2.7,NA,NPA,3779,,,900,,,
Dhaliwal and Sharma (1973),New,Asia,India,ES,ES,AG,Apoidea,Apidae,Apinae,Apini,Apis,,Apis_cerana indica,2.7,NA,NPA,3474,,,1100,,,
Dyer and Seeley (1991),GL07_S2,Asia,Thailand,ES,ES,AG,Apoidea,Apidae,Apinae,Apini,Apis,,Apis_dorsata,2.7,NA,FT,,1000,,,,,
Dyer and Seeley (1991),NEW,Asia,Thailand,ES,ES,AG,Apoidea,Apidae,Apinae,Apini,Apis,,Apis_dorsata,2.7,NA,N_S,,13200,,21800,,,
Menke (1954),GL07_S3,NorthAmerica,USA,SO,SO,Soil,Apoidea,Halictidae,Nomiinae,Nomiini,Nomia,,Nomia_melanderi,2.7,NA,FA,,1600,,,,,
Vansell and Todd (1946),GL07_S3,NorthAmerica,USA,SO,SO,Soil,Apoidea,Halictidae,Nomiinae,Nomiini,Nomia,,Nomia_melanderi,2.7,NA,FA,,2400,,,,,
Packer (1970),GL07_S3,NorthAmerica,USA,SO,SO,Soil,Apoidea,Halictidae,Nomiinae,Nomiini,Nomia,,Nomia_melanderi,2.7,NA,FA,,7100,,,,,
Bohart and Nye (1956),GL07_S3,NorthAmerica,USA,SO,SO,Soil,Apoidea,Halictidae,Nomiinae,Nomiini,Nomia,,Nomia_melanderi,2.7,NA,FA,,11300,,,,,
Packer (1970),GL07_S3,NorthAmerica,USA,SO,SO,Soil,Apoidea,Halictidae,Nomiinae,Nomiini,Nomia,,Nomia_melanderi,2.7,NA,PM,,1800,,,,,
Gathmann and Tscharntke (2002),GL07_S1,Europe,Germany6,SO,SO,Soil,Apoidea,Andrenidae,Andreninae,Andrenini,Andrena,,Andrena_vaga,2.8,NA,H,,300,,500,,,
Gathmann and Tscharntke (2002) - Wesserling (1996),GL07_S3,Europe,Germany,AG,ES,Soil,Apoidea,Andrenidae,Andreninae,Andrenini,Andrena,,Andrena_vaga,2.8,NA,N_S,,300,,,,,
Gathmann and Tscharntke (2002) - Wesserling (1996),GL07_S3,Europe,Germany,SO,SO,Cavity,Apoidea,Megachilidae,Megachilinae,Megachilini,Megachile,,Megachile_lapponica,2.8,NA,N_S,,600,,,,,
Gathmann and Tscharntke (2002),GL07_S3,Europe,Germany,SO,SO,Cavity,Apoidea,Megachilidae,Megachilinae,Megachilini,Megachile,,Megachile_lapponica,2.8,NA,NSA,,400,,,,,
Roubik and Aluja (1983),GL07_S3,SouthAmerica,NA,ES,ES,Cavity,Apoidea,Apidae,Apinae,Meliponini,Melipona,,Melipona_fasciata,2.9,NA,H,,2100,,,,,
Kuhn-Neto et al. (2009),NEW,SouthAmerica,Brazil,ES,ES,Cavity,Apoidea,Apidae,Apinae,Meliponini,Melipona,,Melipona_mandacaia,2.9,NA,FT,1637,1000,,2100,,,
Nieh and Roubik (1995),GL07_S3,SouthAmerica,Brazil,ES,ES,Cavity,Apoidea,Apidae,Apinae,Meliponini,Melipona,,Melipona_panamica,2.9,NA,FT,,100,,,,,
Abrol (1988),GL07_S1,Asia,India,SO,SO,Cavity,Apoidea,Megachilidae,Megachilinae,Megachilini,Megachile,,Megachile_flavipes,2.9,NA,H,,500,,800,,,
Kitamura and Maeta 1969,GL07_S1,Asia,Japan,SO,SO,Cavity,Apoidea,Megachilidae,Megachilinae,Osmiini,Osmia,,Osmia_corniforns,2.9,NA,H,,600,,800,,,
Gathmann and Tscharntke (2002) - Haeseler (1982),GL07_S3,Europe,Germany,AG,SO,Cavity,Apoidea,Megachilidae,Megachilinae,Osmiini,Osmia,,Osmia_maritime,2.9,NA,N_S,,200,,,,,
Chmurzynski et al. (1998),GL07_S1,Europe,Poland,SO,SO,Soil,Apoidea,Melittidae,Dasypodainae,Megillina,Dasypoda,,Dasypoda_altercator,2.9,NA,H,,1700,,4000,,,
Gathmann and Tscharntke (2002) - Gebhardt and Rohr (1987),GL07_S3,Europe,Germany,AG,ES,Soil,Apoidea,Andrenidae,Andreninae,Andrenini,Andrena,,Andrena_cineraria,3,NA,N_S,,300,,,,,
Gathmann and Tscharntke (2002) - Gebhardt and Rohr (1987),GL07_S3,Europe,Germany,AG,SO,Soil,Apoidea,Andrenidae,Andreninae,Andrenini,Andrena,,Andrena_clarkella,3.1,NA,N_S,,300,,,,,
Walther-Hellwig and Frankl (2000a),GL07_S3,Europe,NA,ES,ES,Soil,Apoidea,Apidae,Apinae,Bombini,Bombus,,Bombus_muscorum,3.1,NA,MR,,100,,500,,,
Walther-Hellwig and Frankl (2000b),GL07_S3,Europe,NA,ES,ES,Soil,Apoidea,Apidae,Apinae,Bombini,Bombus,,Bombus_muscorum,3.1,NA,MR,,500,,,,,
Walther-Hellwig and Frankl (2000a),GL07_S3,Europe,NA,ES,ES,Soil,Apoidea,Apidae,Apinae,Bombini,Bombus,,Bombus_muscorum,3.1,NA,PM,,700,,500,,,
Westrich (1996),GL07_S3,Europe,NA,ES,ES,Cavity,Apoidea,Apidae,Apinae,Meliponini,Tetraloniella,,Tetraloniella_dentata,3.1,NA,NPA,,100,,,,,
Michener (1974),GL07_S2,Europe,NA,ES,ES,AG,Apoidea,Apidae,Apinae,Apini,Apis,,Apis_mellifera,3.3,NA,FT,,12000,,,,,
Dyer and Seeley (1991),GL07_S2,Europe,Europe,ES,ES,AG,Apoidea,Apidae,Apinae,Apini,Apis,,Apis_mellifera,3.3,NA,FT,,12500,,,,,
Steffan-Dewenter and Kuhn (2003),NEW,Europe,Germany,ES,ES,AG,Apoidea,Apidae,Apinae,Apini,Apis,,Apis_mellifera,3.3,NA,FT,379,1319,1076.3,,53.2,SD,
Steffan-Dewenter and Kuhn (2003),NEW,Europe,Germany,ES,ES,AG,Apoidea,Apidae,Apinae,Apini,Apis,,Apis_mellifera,3.3,NA,FT,610,1488,1144.8,,49.9,SD,
Steffan-Dewenter and Kuhn (2003),NEW,Europe,Germany,ES,ES,AG,Apoidea,Apidae,Apinae,Apini,Apis,,Apis_mellifera,3.3,NA,FT,379,1518.2,1184.4,,51.3,SD,
Steffan-Dewenter and Kuhn (2003),NEW,Europe,Germany,ES,ES,AG,Apoidea,Apidae,Apinae,Apini,Apis,,Apis_mellifera,3.3,NA,FT,1137,1526,1181.5,10037,37.2,SD,
Steffan-Dewenter and Kuhn (2003),NEW,Europe,Germany,ES,ES,AG,Apoidea,Apidae,Apinae,Apini,Apis,,Apis_mellifera,3.3,NA,FT,527,1569,1264.7,,55.6,SD,
Steffan-Dewenter and Kuhn (2003),NEW,Europe,Germany,ES,ES,AG,Apoidea,Apidae,Apinae,Apini,Apis,,Apis_mellifera,3.3,NA,FT,379,1786,1329,,96.6,SD,
Hagler et al. (2011),NEW,NorthAmerica,"Arizona, USA",ES,ES,AG,Apoidea,Apidae,Apinae,Apini,Apis,,Apis_mellifera,3.3,NA,MR,260,738.1,,5983,732,SD,
Hagler et al. (2011),NEW,NorthAmerica,"Arizona, USA",ES,ES,AG,Apoidea,Apidae,Apinae,Apini,Apis,,Apis_mellifera,3.3,NA,MR,392,864.9,,5983,919,SD,
Gary et al. (1972),Z2010_T1,Europe,,ES,ES,AG,Apoidea,Apidae,Apinae,Apini,Apis,,Apis_mellifera,3.3,NA,MR,131,,,915,,,
Gary et al. (1981),Z2010_T1,Europe,,ES,ES,AG,Apoidea,Apidae,Apinae,Apini,Apis,,Apis_mellifera,3.3,NA,MR,613,,,1100,,,
Danner et al. (2016),NEW,Europe,Germany,ES,ES,AG,Apoidea,Apidae,Apinae,Apini,Apis,,Apis_mellifera,3.3,NA,WD,940,435,,,,,NA
Danner et al. (2016),NEW,Europe,Germany,ES,ES,AG,Apoidea,Apidae,Apinae,Apini,Apis,,Apis_mellifera,3.3,NA,WD,407,469,,,,,NA
Danner et al. (2016),NEW,Europe,Germany,ES,ES,AG,Apoidea,Apidae,Apinae,Apini,Apis,,Apis_mellifera,3.3,NA,WD,407,846,,,,,NA
Beekman and Ratnieks (2000),NEW,Europe,Sheffield England,ES,ES,AG,Apoidea,Apidae,Apinae,Apini,Apis,,Apis_mellifera,3.3,NA,WD,,1000,750,,,,HIST (how to calculate?)
Danner et al. (2016),NEW,Europe,Germany,ES,ES,AG,Apoidea,Apidae,Apinae,Apini,Apis,,Apis_mellifera,3.3,NA,WD,1347,1015,,,26,SE,
Couvillon et al. (2015),NEW,Europe,UK,ES,ES,AG,Apoidea,Apidae,Apinae,Apini,Apis,,Apis_mellifera,3.3,NA,WD,922,1074,,,10.08,t-value,
Danner et al. (2016),NEW,Europe,Germany,ES,ES,AG,Apoidea,Apidae,Apinae,Apini,Apis,,Apis_mellifera,3.3,NA,WD,940,1324,,,NA,,
Couvillon et al. (2015),NEW,Europe,UK,ES,ES,AG,Apoidea,Apidae,Apinae,Apini,Apis,,Apis_mellifera,3.3,NA,WD,4562,1408,,,10.08,t-value,
Beekman and Ratnieks (2000),NEW,Europe,Sheffield England,ES,ES,AG,Apoidea,Apidae,Apinae,Apini,Apis,,Apis_mellifera,3.3,NA,WD,,5500,6100,,,,HIST (how to calculate?)
Waddington et al. (1994),Z2010_T1,NorthAmerica,Canada,ES,ES,AG,Apoidea,Apidae,Apinae,Apini,Apis,,Apis_mellifera,3.3,NA,WG,5,,,1413,,,
Visscher and Seeley (1982),Z2010_T1,Europe,Germany,ES,ES,AG,Apoidea,Apidae,Apinae,Apini,Apis,,Apis_mellifera,3.3,NA,WG,NA,,,10100,,,
von Frisch (1967),Z2010_T1,Europe,Germany,ES,ES,AG,Apoidea,Apidae,Apinae,Apini,Apis,,Apis_mellifera,3.3,NA,WG,NA,,,13500,,,
Danner et al. (2014),NEW,Europe,Germany,ES,ES,AG,Apoidea,Apidae,Apinae,Apini,Apis,,Apis_mellifera,3.3,NA,WG/PM,129,589,,,41,SE,
Danner et al. (2014),NEW,Europe,Germany,ES,ES,AG,Apoidea,Apidae,Apinae,Apini,Apis,,Apis_mellifera,3.3,NA,WG/PM,0,820,,,582,SE,
Danner et al. (2014),NEW,Europe,Germany,ES,ES,AG,Apoidea,Apidae,Apinae,Apini,Apis,,Apis_mellifera,3.3,NA,WG/PM,489,879,,,27,SE,
Michener (1974),GL07_S2,Africa,NA,ES,ES,AG,Apoidea,Apidae,Apinae,Apini,Apis,,Apis_mellifera adonsonii,3.3,NA,FT,,2800,,,,,
Michener (1974),GL07_S2,Europe,NA,ES,ES,AG,Apoidea,Apidae,Apinae,Apini,Apis,,Apis_mellifera mellifera,3.3,NA,FT,,2500,,,,,
Gathmann and Tscharntke (2002),GL07_S1,Europe,Germany,SO,SO,Cavity,Apoidea,Megachilidae,Megachilinae,Osmiini,Osmia,,Osmia_rufa,3.3,NA,H,,500,,900,,,
Osborne et al. (1999),GL07_S3,Europe,NA,ES,ES,Soil,Apoidea,Apidae,Apinae,Bombini,Bombus,Bombus,Bombus_terrestris,3.5,NA,BT,,600,,,,,
Goulson and Stout (2001),GL07_S1,Europe,UK,ES,ES,Soil,Apoidea,Apidae,Apinae,Bombini,Bombus,,Bombus_terrestris,3.5,NA,H,,800,,800,,,
Knight et al. (2005),GL07_S3,Europe,NA,ES,ES,Soil,Apoidea,Apidae,Apinae,Bombini,Bombus,,Bombus_terrestris,3.5,NA,M,,1500,,,,,
Schaffer and Wratten (1994),GL07_S3,Europe,NA,ES,ES,Soil,Apoidea,Apidae,Apinae,Bombini,Bombus,Bombus,Bombus_terrestris,3.5,NA,MR,,100,,,,,
Walther-Hellwig and Frankl (2000a),GL07_S3,Europe,NA,ES,ES,Soil,Apoidea,Apidae,Apinae,Bombini,Bombus,Bombus,Bombus_terrestris,3.5,NA,MR,,1800,,1750,,,
Schaffer and Wratten (1994),GL07_S3,Europe,NA,ES,ES,Soil,Apoidea,Apidae,Apinae,Bombini,Bombus,Bombus,Bombus_terrestris,3.5,NA,NPA,,700,,,,,
C. O’Toole (PC_2004),GL07_S3,Europe,UK,ES,ES,Soil,Apoidea,Apidae,Apinae,Bombini,Bombus,Bombus,Bombus_terrestris,3.5,NA,PM,,2800,,,,,
Gathmann and Tscharntke (2002) - Molitor (1937),GL07_S3,Europe,Germany,AG,SO,Cavity,Apoidea,Megachilidae,Megachilinae,Osmiini,Osmia,,Osmia_mustelina,3.5,NA,N_S,,1000,,,,,
Linsley and McSwain (1942),GL07_S3,NorthAmerica,USA,AG,SO,Soil,Apoidea,Apidae,Apinae,Anthophorini,Anthophora,,Anthophora_linsleyi,3.6,NA,PM,,1600,,,,,
Saville et al. (1997),GL07_S3,Europe,NA,ES,ES,Soil,Apoidea,Apidae,Apinae,Bombini,Bombus,Bombus,Bombus_lucorum,3.6,NA,MR,463,400,,300,,,GRAPH - Fig 2
"Rau (1929, 1931)",GL07_S1,NorthAmerica,USA,AG,SO,Soil,Apoidea,Apidae,Apinae,Anthophorini,Anthophora,,Anthophora_abrupta,3.9,NA,H,,500,,2300,,,
Dramstad (1996),GL07_S3,Europe,NA,ES,ES,Soil,Apoidea,Apidae,Apinae,Bombini,Bombus,Melanobombus,Bombus_lapidarius,4,NA,MR,,300,,,,,
Gathmann and Tscharntke (2002) - Wesserling (1996),GL07_S3,Europe,Germany,AG,ES,Soil,Apoidea,Colletidae,Colletinae,Colletini,Colletes,,Colletes_cunicularius,4,NA,N_S,,400,,,,,
Knight et al. (2005),GL07_S3,Europe,NA,ES,ES,Soil,Apoidea,Apidae,Apinae,Bombini,Bombus,Melanobombus,Bombus_lapidarius,4.1,NA,M,,1300,,,,,
Walther-Hellwig and Frankl (2000a),GL07_S3,Europe,NA,ES,ES,Soil,Apoidea,Apidae,Apinae,Bombini,Bombus,Melanobombus,Bombus_lapidarius,4.1,NA,MR,,1500,,,,,
Walther-Hellwig and Frankl (2000b),GL07_S3,Europe,NA,ES,ES,Soil,Apoidea,Apidae,Apinae,Bombini,Bombus,Melanobombus,Bombus_lapidarius,4.1,NA,MR,,1500,,,,,
Fabre (1914),GL07_S3,Europe,NA,SO,SO,Cavity,Apoidea,Megachilidae,Megachilinae,Megachilini,Megachile,,Megachile_sicula,4.3,NA,H,,4000,,,,,
Redhead et al. (2016),NEW,Europe,UK,ES,ES,Soil,Apoidea,Apidae,Apinae,Bombini,Bombus,,Bombus_pascuorum,4.37,NA,M,548,337,,1808,19.92,SE,
Fabre (1914),GL07_S3,Europe,NA,SO,SO,Cavity,Apoidea,Megachilidae,Megachilinae,Megachilini,Megachile,,Megachile_parietina,4.5,NA,H,,4000,,,,,
Redhead et al. (2016),NEW,Europe,UK,ES,ES,Soil,Apoidea,Apidae,Apinae,Bombini,Bombus,,Bombus_lapidarius,4.54,NA,M,1171,536,,2059,16.02,SE,
Redhead et al. (2016),NEW,Europe,UK,ES,ES,Soil,Apoidea,Apidae,Apinae,Bombini,Bombus,,Bombus_hortorum,4.84,NA,M,262,273,,810,20.15,SE,
C. O’Toole (personal communication 7/14/04),GL07_S3,Europe,UK,AG,SO,Soil,Apoidea,Apidae,Apinae,Anthophorini,Anthophora,,Anthophora_fulvitarsis,4.9,NA,PM,,1000,,,,,
Knight et al. (2005),GL07_S3,Europe,NA,ES,ES,Soil,Apoidea,Apidae,Apinae,Bombini,Bombus,,Bombus_pratorum,5.1,NA,M,,1500,,,,,
Knight et al. (2005),GL07_S3,Europe,NA,ES,ES,Soil,Apoidea,Apidae,Apinae,Bombini,Bombus,Thoracobombus,Bombus_pascuorum,5.2,NA,M,,1500,,,,,
Knight et al. (2005),GL07_S3,Europe,NA,ES,ES,Soil,Apoidea,Apidae,Apinae,Bombini,Bombus,Thoracobombus,Bombus_pascuorum,5.2,NA,M,,1500,,,,,
Darvill et al. (2004),GL07_S3,Europe,NA,ES,ES,Soil,Apoidea,Apidae,Apinae,Bombini,Bombus,Thoracobombus,Bombus_pascuorum,5.2,NA,M,,10000,,,,,
Redhead et al. (2016),NEW,Europe,UK,ES,ES,Soil,Apoidea,Apidae,Apinae,Bombini,Bombus,,Bombus_terrestris,5.56,NA,M,382,551,,2878,39.83,SE,
Redhead et al. (2016),NEW,Europe,UK,ES,ES,Soil,Apoidea,Apidae,Apinae,Bombini,Bombus,,Bombus_ruderatus,5.58,NA,M,214,503,,2350,33.71,SE,
"Rau (1929, 1931)",GL07_S1,NorthAmerica,USA,AG,SO,Cavity,Apoidea,Apidae,Xylocopinae,Xylocopini,Xylocopa,,Xylocopa_virginica,5.6,NA,H,,7500,,13000,,,
C. O’Toole (PC_2004),GL07_S3,Asia,NA,AG,SO,Cavity,Apoidea,Apidae,Xylocopinae,Xylocopini,Xylocopa,,Xylocopa_rufa,5.8,NA,NPA,,1000,,,,,
Gathmann and Tscharntke (2002) - Molitor (1937),GL07_S3,Europe,Germany,AG,SO,Cavity,Apoidea,Apidae,Xylocopinae,Xylocopini,Xylocopa,,Xylocopa_violacea,7.8,NA,N_S,,1200,,,,,
Beil et al. (2008),Z2010_T1,Europe,Germany,AG,ES,Soil,Apoidea,Andrenidae,Andreninae,Andrenini,Andrena,,Andrena_carbonaria,NA,NA,PM,1,,,1250,,,
Beil et al. (2008),Z2010_T1,Europe,Germany,AG,SO,Soil,Apoidea,Andrenidae,Andreninae,Andrenini,Andrena,,Andrena_dorsata,NA,NA,PM,1,,,650,,,
Franzén et al. (2009),NEW,Europe,Sweden,SO,SO,Soil,Apoidea,Andrenidae,Andreninae,Andrenini,Andrena,,Andrena_hattorfiana,NA,NA,MR,104,33,52,83,,,
Franzén et al. (2009),NEW,Europe,Sweden,SO,SO,Soil,Apoidea,Andrenidae,Andreninae,Andrenini,Andrena,,Andrena_hattorfiana,NA,NA,MR,171(57RC),58,76,130,,,
Franzén et al. (2009),NEW,Europe,Sweden,SO,SO,Soil,Apoidea,Andrenidae,Andreninae,Andrenini,Andrena,,Andrena_hattorfiana,NA,NA,MR,(720(270),119,131,900,,,
Franzen et al. (2009),Z2010_T1,Europe,,SO,SO,Soil,Apoidea,Andrenidae,Andreninae,Andrenini,Andrena,,Andrena_hattorfiana,NA,NA,MR,270,,,130,,,
Schneider (1989),NEW,NorthAmerica,USA,ES,ES,AG,Apoidea,Apidae,Apinae,Apini,Apis,,Apis_mellifera scutellata,NA,NA,WG,65,207,220,,209,SD,
Schneider (1989),NEW,NorthAmerica,USA,ES,ES,AG,Apoidea,Apidae,Apinae,Apini,Apis,,Apis_mellifera scutellata,NA,NA,WG,60,255,242,,110,SD,
Schneider (1989),NEW,NorthAmerica,USA,ES,ES,AG,Apoidea,Apidae,Apinae,Apini,Apis,,Apis_mellifera scutellata,NA,NA,WG,45,351,343,,165,SD,
Schneider (1989),NEW,NorthAmerica,USA,ES,ES,AG,Apoidea,Apidae,Apinae,Apini,Apis,,Apis_mellifera scutellata,NA,NA,WG,31,377,372,,163,SD,
Schneider (1989),NEW,NorthAmerica,USA,ES,ES,AG,Apoidea,Apidae,Apinae,Apini,Apis,,Apis_mellifera scutellata,NA,NA,WG,36,431,208,,560,SD,
Schneider (1989),NEW,NorthAmerica,USA,ES,ES,AG,Apoidea,Apidae,Apinae,Apini,Apis,,Apis_mellifera scutellata,NA,NA,WG,24,467,535,,192,SD,
Schneider (1989),NEW,NorthAmerica,USA,ES,ES,AG,Apoidea,Apidae,Apinae,Apini,Apis,,Apis_mellifera scutellata,NA,NA,WG,33,488,179,,772,SD,
Schneider (1989),NEW,NorthAmerica,USA,ES,ES,AG,Apoidea,Apidae,Apinae,Apini,Apis,,Apis_mellifera scutellata,NA,NA,WG,10,557,70,,899,SD,
Schneider (1989),NEW,NorthAmerica,USA,ES,ES,AG,Apoidea,Apidae,Apinae,Apini,Apis,,Apis_mellifera scutellata,NA,NA,WG,67,773,553,,830,SD,
Schneider (1989),NEW,NorthAmerica,USA,ES,ES,AG,Apoidea,Apidae,Apinae,Apini,Apis,,Apis_mellifera scutellata,NA,NA,WG,656,963.9166667,536.9166667,,1659.75,SD,
Schneider (1989),NEW,NorthAmerica,USA,ES,ES,AG,Apoidea,Apidae,Apinae,Apini,Apis,,Apis_mellifera scutellata,NA,NA,WG,252,1154.25,660,,1314.5,SD,
Schneider (1989),NEW,NorthAmerica,USA,ES,ES,AG,Apoidea,Apidae,Apinae,Apini,Apis,,Apis_mellifera scutellata,NA,NA,WG,26,1298,921,,1189,SD,
Schneider (1989),NEW,NorthAmerica,USA,ES,ES,AG,Apoidea,Apidae,Apinae,Apini,Apis,,Apis_mellifera scutellata,NA,NA,WG,138,1351,295,,1758,SD,
Schneider (1989),NEW,NorthAmerica,USA,ES,ES,AG,Apoidea,Apidae,Apinae,Apini,Apis,,Apis_mellifera scutellata,NA,NA,WG,34,1384,1032,,1730,SD,
Schneider (1989),NEW,NorthAmerica,USA,ES,ES,AG,Apoidea,Apidae,Apinae,Apini,Apis,,Apis_mellifera scutellata,NA,NA,WG,74,1480,765,,1878,SD,
Schneider (1989),NEW,NorthAmerica,USA,ES,ES,AG,Apoidea,Apidae,Apinae,Apini,Apis,,Apis_mellifera scutellata,NA,NA,WG,97,1694,236,,2182,SD,
Schneider (1989),NEW,NorthAmerica,USA,ES,ES,AG,Apoidea,Apidae,Apinae,Apini,Apis,,Apis_mellifera scutellata,NA,NA,WG,66,2013,979,,2385,SD,
Schneider (1989),NEW,NorthAmerica,USA,ES,ES,AG,Apoidea,Apidae,Apinae,Apini,Apis,,Apis_mellifera scutellata,NA,NA,WG,102,3058,2133,,3202,SD,
Charman et al. (2010),NEW,Europe,UK,ES,ES,Soil,Apoidea,Apidae,Apinae,Bombini,Bombus,Subterraneobombus,Bombus_distinguendus,NA,NA,GEN,,,,1246,,,
Charman et al. (2010),NEW,Europe,UK,ES,ES,Soil,Apoidea,Apidae,Apinae,Bombini,Bombus,Subterraneobombus,Bombus_distinguendus,NA,NA,MR,6,,,770,,,"Resighted (186,197,221,231,399,770)"
Desjardins and De Oliveir (2006),NEW,Europe,France,ES,ES,Soil,Apoidea,Apidae,Apinae,Bombini,Bombus,,Bombus_impatiens,NA,NA,NSA,,,,400,,SE,
Carvell et al. (2012),NEW,Europe,UK,ES,ES,Soil,Apoidea,Apidae,Apinae,Bombini,Bombus,Melanobombus,Bombus_lapidarius,NA,NA,GEN,50,389.1,NA,2213,68.8,SE,
Carvell et al. (2012),NEW,Europe,UK,ES,ES,Soil,Apoidea,Apidae,Apinae,Bombini,Bombus,Melanobombus,Bombus_lapidarius,NA,NA,GEN,79,458.1,NA,2213,43.5,SE,
Carvell et al. (2012),NEW,Europe,UK,ES,ES,Soil,Apoidea,Apidae,Apinae,Bombini,Bombus,Melanobombus,Bombus_lapidarius,NA,NA,GEN,50,517.9,NA,2213,60.4,SE,
Carvell et al. (2012),NEW,Europe,UK,ES,ES,Soil,Apoidea,Apidae,Apinae,Bombini,Bombus,Melanobombus,Bombus_lapidarius,NA,NA,GEN,66,548.4,NA,2213,44.3,SE,
Carvell et al. (2012),NEW,Europe,UK,ES,ES,Soil,Apoidea,Apidae,Apinae,Bombini,Bombus,Melanobombus,Bombus_lapidarius,NA,NA,GEN,79,630.9,NA,2213,48.6,SE,
Carvell et al. (2012),NEW,Europe,UK,ES,ES,Soil,Apoidea,Apidae,Apinae,Bombini,Bombus,Melanobombus,Bombus_lapidarius,NA,NA,GEN,66,755.2,NA,2213,44.2,SE,
Carvell et al. (2012),NEW,Europe,UK,ES,ES,Soil,Apoidea,Apidae,Apinae,Bombini,Bombus,Melanobombus,Bombus_lapidarius,NA,NA,GEN,50,806.1,NA,2213,91.9,SE,
Carvell et al. (2012),NEW,Europe,UK,ES,ES,Soil,Apoidea,Apidae,Apinae,Bombini,Bombus,Melanobombus,Bombus_lapidarius,NA,NA,GEN,79,861.8,NA,2213,67,SE,
Carvell et al. (2012),NEW,Europe,UK,ES,ES,Soil,Apoidea,Apidae,Apinae,Bombini,Bombus,Melanobombus,Bombus_lapidarius,NA,NA,GEN,66,1031.6,NA,2213,61.2,SE,
Lepais et al. (2010),NEW,Europe,UK,ES,ES,Soil,Apoidea,Apidae,Apinae,Bombini,Bombus,Melanobombus,Bombus_lapidarius,NA,NA,M,13,,,5000,,,freq TABLE
Lepais et al. (2010),NEW,Europe,UK,ES,ES,Soil,Apoidea,Apidae,Apinae,Bombini,Bombus,Melanobombus,Bombus_lapidarius,NA,NA,M,1080,,,7000,,,freq TABLE
Westphal et al. (2006),NEW,Europe,Germany,ES,ES,Soil,Apoidea,Apidae,Apinae,Bombini,Bombus,Melanobombus,Bombus_lapidarius,NA,NA,N_S,1155,2750,,,,,
Darvill et al. (2004),NEW,Europe,UK,ES,ES,Soil,Apoidea,Apidae,Apinae,Bombini,Bombus,,Bombus_pascuorum,NA,NA,GEN,,312,,,NA,NA,
Carvell et al. (2012),NEW,Europe,UK,ES,ES,Soil,Apoidea,Apidae,Apinae,Bombini,Bombus,Thoracobombus,Bombus_pascuorum,NA,NA,GEN,42,372.3,NA,2317,80.2,SE,
Carvell et al. (2012),NEW,Europe,UK,ES,ES,Soil,Apoidea,Apidae,Apinae,Bombini,Bombus,Thoracobombus,Bombus_pascuorum,NA,NA,GEN,68,407.5,NA,2317,55.4,SE,
Carvell et al. (2012),NEW,Europe,UK,ES,ES,Soil,Apoidea,Apidae,Apinae,Bombini,Bombus,Thoracobombus,Bombus_pascuorum,NA,NA,GEN,68,512.8,NA,2317,62.3,SE,
Carvell et al. (2012),NEW,Europe,UK,ES,ES,Soil,Apoidea,Apidae,Apinae,Bombini,Bombus,Thoracobombus,Bombus_pascuorum,NA,NA,GEN,42,514.1,NA,2317,77.1,SE,
Carvell et al. (2012),NEW,Europe,UK,ES,ES,Soil,Apoidea,Apidae,Apinae,Bombini,Bombus,Thoracobombus,Bombus_pascuorum,NA,NA,GEN,45,615.8,NA,2317,64.4,SE,
Carvell et al. (2012),NEW,Europe,UK,ES,ES,Soil,Apoidea,Apidae,Apinae,Bombini,Bombus,Thoracobombus,Bombus_pascuorum,NA,NA,GEN,68,654.8,NA,2317,77.3,SE,
Carvell et al. (2012),NEW,Europe,UK,ES,ES,Soil,Apoidea,Apidae,Apinae,Bombini,Bombus,Thoracobombus,Bombus_pascuorum,NA,NA,GEN,45,774.9,NA,2317,65.6,SE,
Carvell et al. (2012),NEW,Europe,UK,ES,ES,Soil,Apoidea,Apidae,Apinae,Bombini,Bombus,Thoracobombus,Bombus_pascuorum,NA,NA,GEN,42,803.6,NA,2317,132.3,SE,
Carvell et al. (2012),NEW,Europe,UK,ES,ES,Soil,Apoidea,Apidae,Apinae,Bombini,Bombus,Thoracobombus,Bombus_pascuorum,NA,NA,GEN,45,989.5,NA,2317,79,SE,
Chapman et al. (2003),NEW,Europe,UK,ES,ES,Soil,Apoidea,Apidae,Apinae,Bombini,Bombus,Thoracobombus,Bombus_pascuorum,NA,NA,GEN,66,NA,510,3200,NA,NA,
Lepais et al. (2010),NEW,Europe,UK,ES,ES,Soil,Apoidea,Apidae,Apinae,Bombini,Bombus,Thoracobombus,Bombus_pascuorum,NA,NA,M,229,,,8000,,,freq TABLE
Lepais et al. (2010),NEW,Europe,UK,ES,ES,Soil,Apoidea,Apidae,Apinae,Bombini,Bombus,Thoracobombus,Bombus_pascuorum,NA,NA,M,1641,,,8000,,,freq TABLE
Kreyer et al. (2004),NEW,Europe,Germany,ES,ES,Soil,Apoidea,Apidae,Apinae,Bombini,Bombus,,Bombus_pascuorum,NA,NA,MR,100,,,800,,,
Westphal et al. (2006),NEW,Europe,Germany,ES,ES,Soil,Apoidea,Apidae,Apinae,Bombini,Bombus,Thoracobombus,Bombus_pascuorum,NA,NA,N_S,242,1000,,,,,Obtainable somehow - Talk to Nacho
Westphal et al. (2006),NEW,europe,Germany,ES,ES,Soil,Apoidea,Apidae,Apinae,Bombini,Bombus,,Bombus_pratorum,NA,NA,N_S,52,250,,,,,
Darvill et al. (2004),NEW,Europe,UK,ES,ES,Soil,Apoidea,Apidae,Apinae,Bombini,Bombus,,Bombus_terrestris,NA,NA,GEN,,625,,,NA,NA,
Chapman et al. (2003),NEW,Europe,UK,ES,ES,Soil,Apoidea,Apidae,Apinae,Bombini,Bombus,Bombus,Bombus_terrestris,NA,NA,GEN,96,2390,620,3900,NA,NA,
Carreck et al. (1999),Z2010_T1,Europe,UK,ES,ES,Soil,Apoidea,Apidae,Apinae,Bombini,Bombus,,Bombus_terrestris,NA,NA,H,21,,,550,,,
Kraus et al. (2009),NEW,Europe,Germany,ES,ES,Soil,Apoidea,Apidae,Apinae,Bombini,Bombus,,Bombus_terrestris,NA,NA,M,34 colonies?,2600,,,140,SE,
Kraus et al. (2009),NEW,Europe,Germany,ES,ES,Soil,Apoidea,Apidae,Apinae,Bombini,Bombus,,Bombus_terrestris,NA,NA,M,34 colonies?,9900,,,1400,SE,
Kreyer et al. (2004),NEW,Europe,Germany,ES,ES,Soil,Apoidea,Apidae,Apinae,Bombini,Bombus,,Bombus_terrestris,NA,NA,MR,32,,,2200,,,
Wolf and Moritz (2008),NEW,Europe,Germany,ES,ES,Soil,Apoidea,Apidae,Apinae,Bombini,Bombus,,Bombus_terrestris,NA,NA,NSA,126,267.2,,800,180.3,SD,
Wolf and Moritz (2008),NEW,Europe,Germany,ES,ES,Soil,Apoidea,Apidae,Apinae,Bombini,Bombus,,Bombus_terrestris,NA,NA,NSA,126,583.3,,800,121.3,SD,
Osborne et al. (2008),NEW,Europe,UK,ES,ES,Soil,Apoidea,Apidae,Apinae,Bombini,Bombus,Bombus,Bombus_terrestris,NA,NA,N_S,154,,,4000,,,
Westphal et al. (2006),NEW,Europe,Germany,ES,ES,Soil,Apoidea,Apidae,Apinae,Bombini,Bombus,Bombus,Bombus_terrestris agg.,NA,NA,N_S,1874,3000,,,,,
Rao and Strange (2012),NEW,NorthAmerica,USA,ES,ES,Soil,Apoidea,Apidae,Apinae,Bombini,Bombus,,Bombus_vosnesenskii,NA,NA,M,434,2210,1925,3680,1108.241851,SD,
Rao and Strange (2012),NEW,NorthAmerica,USA,ES,ES,Soil,Apoidea,Apidae,Apinae,Bombini,Bombus,,Bombus_vosnesenskii,NA,NA,M,296,4790,4370,7280,1503.311899,SD,
Araujo et al. (2004),Z2010_T1,SouthAmerica,Brazil,ES,ES,Cavity,Apoidea,Apidae,Apinae,Meliponini,Frieseomelitta,,Frieseomelitta_varia,NA,NA,LR,NA,,,1710,,,
Araujo et al. (2004),Z2010_T1,SouthAmerica,Brazil,ES,ES,Cavity,Apoidea,Apidae,Apinae,Meliponini,Geotrigona,,Geotrigona_inusitata,NA,NA,LR,NA,,,1710,,,
Araujo et al. (2004),Z2010_T1,SouthAmerica,Brazil,ES,ES,Cavity,Apoidea,Apidae,Apinae,Meliponini,Melipona,,Melipona_bicolor,NA,NA,LR,NA,,,2000,,,
Araujo et al. (2004),Z2010_T1,SouthAmerica,Brazil,ES,ES,Cavity,Apoidea,Apidae,Apinae,Meliponini,Melipona,,Melipona_compressipes,NA,NA,MR,NA,,,2470,,,
Rodrigues and Ribeiro (2014),NEW,SouthAmerica,Brazil,ES,ES,Cavity,Apoidea,Apidae,Apinae,Meliponini,Melipona,,Melipona_mandacaia,NA,NA,H,113,,,2500,,,GRAPH
Rodrigues and Ribeiro (2014),NEW,SouthAmerica,Brazil,ES,ES,Cavity,Apoidea,Apidae,Apinae,Meliponini,Melipona,,Melipona_mandacaia,NA,NA,H,3175,,,2700,,,GRAPH
Araujo et al. (2004),Z2010_T1,SouthAmerica,Brazil,ES,ES,Cavity,Apoidea,Apidae,Apinae,Meliponini,Melipona,,Melipona_marginata,NA,NA,MR,NA,,,800,,,
Araujo et al. (2004),Z2010_T1,SouthAmerica,Brazil,ES,ES,Cavity,Apoidea,Apidae,Apinae,Meliponini,Melipona,,Melipona_quadrifasciata,NA,NA,MR,NA,,,2000,,,
Araujo et al. (2004),Z2010_T1,SouthAmerica,Brazil,ES,ES,Cavity,Apoidea,Apidae,Apinae,Meliponini,Melipona,,Melipona_scutellaris,NA,NA,LR,NA,,,2000,,,
Silva et al. (2014),NEW,SouthAmerica,Brazil,ES,ES,Cavity,Apoidea,Apidae,Apinae,Meliponini,Melipona,,Melipona_subnitida,NA,NA,FT,890,653.33,,740,75.71,SD,
Silva et al. (2014),NEW,SouthAmerica,Brazil,ES,ES,Cavity,Apoidea,Apidae,Apinae,Meliponini,Melipona,,Melipona_subnitida,NA,NA,FT,890,886.66,,940,61.1,SD,
Silva et al. (2014),NEW,SouthAmerica,Brazil,ES,ES,Cavity,Apoidea,Apidae,Apinae,Meliponini,Melipona,,Melipona_subnitida,NA,NA,FT,890,1120,,1160,40,SD,
Silva et al. (2014),NEW,SouthAmerica,Brazil,ES,ES,Cavity,Apoidea,Apidae,Apinae,Meliponini,Melipona,,Melipona_subnitida,NA,NA,MR,350?,,3600,3600,,,
Silva et al. (2014),NEW,SouthAmerica,Brazil,ES,ES,Cavity,Apoidea,Apidae,Apinae,Meliponini,Melipona,,Melipona_subnitida,NA,NA,MR,350?,,3600,3600,,,
Silva et al. (2014),NEW,SouthAmerica,Brazil,ES,ES,Cavity,Apoidea,Apidae,Apinae,Meliponini,Melipona,,Melipona_subnitida,NA,NA,MR,350?,,3600,4000,,,come back to
Araujo et al. (2004),Z2010_T1,SouthAmerica,Brazil,ES,ES,Cavity,Apoidea,Apidae,Apinae,Meliponini,Nannotrigona,,Nannotrigona_testaceicornis,NA,NA,LR,NA,,,951,,,
Van Nieuwstadt and Iraheta (1996),NEW,CentralAmerica,Costa Rica,ES,ES,Cavity,Apoidea,Apidae,Apinae,Meliponini,Nannotrigona,,Nannotrigona_testaceicornis,NA,NA,FT,,,,120,,,GRAPH
Van Nieuwstadt and Iraheta (1996),NEW,CentralAmerica,Costa Rica,ES,ES,Cavity,Apoidea,Apidae,Apinae,Meliponini,Nannotrigona,,Nannotrigona_testaceicornis,NA,NA,MR,1080,,,600,,,GRAPH
Van Nieuwstadt and Iraheta (1996),NEW,CentralAmerica,Costa Rica,ES,ES,Cavity,Apoidea,Apidae,Apinae,Meliponini,Partamona,,Partamona_aff cupira,NA,NA,FT,,,,520,,,GRAPH
Van Nieuwstadt and Iraheta (1996),NEW,CentralAmerica,Costa Rica,ES,ES,Cavity,Apoidea,Apidae,Apinae,Meliponini,Partamona,,Partamona_aff cupira,NA,NA,MR,540,,,800,,,GRAPH
Araujo et al. (2004),Z2010_T1,SouthAmerica,Brazil,ES,ES,Cavity,Apoidea,Apidae,Apinae,Meliponini,Partamona,,Partamona_cupira,NA,NA,LR,NA,,,1710,,,
Araujo et al. (2004),Z2010_T1,SouthAmerica,Brazil,ES,ES,Cavity,Apoidea,Apidae,Apinae,Meliponini,Plebeia,,Plebeia_droryana,NA,NA,MR,NA,,,540,,,
Araujo et al. (2004),Z2010_T1,SouthAmerica,Brazil,ES,ES,Cavity,Apoidea,Apidae,Apinae,Meliponini,Plebeia,,Plebeia_poecilochroa,NA,NA,LR,NA,,,951,,,
Araujo et al. (2004),Z2010_T1,SouthAmerica,Brazil,ES,ES,Cavity,Apoidea,Apidae,Apinae,Meliponini,Scaptotrigona,,Scaptotrigona_postica,NA,NA,LR,NA,,,1710,,,
Araujo et al. (2004),Z2010_T1,SouthAmerica,Brazil,ES,ES,Cavity,Apoidea,Apidae,Apinae,Meliponini,Scaura,,Scaura_latitarsis,NA,NA,LR,NA,,,951,,,
Araujo et al. (2004),Z2010_T1,SouthAmerica,Brazil,ES,ES,Cavity,Apoidea,Apidae,Apinae,Meliponini,Tetragonisca,,Tetragonisca_angustula,NA,NA,LR,NA,,,951,,,
dos Santos et al. (2016),NEW,SouthAmerica,Brazil,ES,ES,Cavity,Apoidea,Apidae,Apinae,Meliponini,Tetragonisca,,Tetragonisca_angustula,NA,NA,M,130,612,,1677,434,SD,
dos Santos et al. (2016),NEW,SouthAmerica,Brazil,ES,ES,Cavity,Apoidea,Apidae,Apinae,Meliponini,Tetragonisca,,Tetragonisca_angustula,NA,NA,N_S,130,,,2250,,,
Smith et al. (2017),NEW,Australasia,Australia,ES,ES,Cavity,Apoidea,Apidae,Apinae,Meliponini,Tetragonula,,Tetragonula_carbonaria,NA,NA,MR,700,,333,712,,,
Van Nieuwstadt and Iraheta (1996),NEW,CentralAmerica,Costa Rica,ES,ES,Cavity,Apoidea,Apidae,Apinae,Meliponini,Trigona,Tetragonisca,Trigona_angustula,NA,NA,FT,,,,680,,,GRAPH
Van Nieuwstadt and Iraheta (1996),NEW,CentralAmerica,Costa Rica,ES,ES,Cavity,Apoidea,Apidae,Apinae,Meliponini,Trigona,Tetragonisca,Trigona_angustula,NA,NA,MR,1080,,,800,,,GRAPH
Van Nieuwstadt and Iraheta (1996),NEW,CentralAmerica,Costa Rica,ES,ES,Cavity,Apoidea,Apidae,Apinae,Meliponini,Trigona,Trigona,Trigona_corvina,NA,NA,FT,,,,320,,,GRAPH
Van Nieuwstadt and Iraheta (1996),NEW,CentralAmerica,Costa Rica,ES,ES,Cavity,Apoidea,Apidae,Apinae,Meliponini,Trigona,Trigona,Trigona_corvina,NA,NA,MR,1080,,,850,,,GRAPH
Araujo et al. (2004),Z2010_T1,SouthAmerica,Brazil,ES,ES,Cavity,Apoidea,Apidae,Apinae,Meliponini,Trigona,,Trigona_hypogea,NA,NA,LR,NA,,,1710,,,
Araujo et al. (2004),Z2010_T1,SouthAmerica,Brazil,ES,ES,Cavity,Apoidea,Apidae,Apinae,Meliponini,Trigona,,Trigona_recursa,NA,NA,LR,NA,,,1710,,,
Jaffe et al. (2016),NEW,SouthAmerica,Brazil,ES,ES,Cavity,Apoidea,Apidae,Apinae,Meliponini,Trigona,,Trigona_spinipes,NA,NA,M,6,1742,,8700,3419,SD,
Araujo et al. (2004),Z2010_T1,SouthAmerica,Brazil,ES,ES,Cavity,Apoidea,Apidae,Apinae,Meliponini,Trigona,,Trigona_spinipes,NA,NA,MR,NA,,,840,,,
López-Uribe et al. (2008),NEW,SouthAmerica,Brazil,AG,ES,Soil,Apoidea,Apidae,Apinae,Euglossini,Euglossa,,Euglossa_cordata,NA,NA,N_S,168,,,1020,,,
López-Uribe et al. (2008),NEW,SouthAmerica,Brazil,AG,ES,Soil,Apoidea,Apidae,Apinae,Euglossini,Eulaema,,Eulaema_nigrita,NA,NA,N_S,45,,,360,,,
Pasquet et al. (2008),NEW,Africa,Kenya,ES,ES,AG,Apoidea,Apidae,Xylocopinae,Xylocopini,Xylocopa,,Xylocopa_flavorufa,NA,0.0101,BT,41,570,570,1390,,,
Pasquet et al. (2008),NEW,Africa,Kenya,ES,ES,AG,Apoidea,Apidae,Xylocopinae,Xylocopini,Xylocopa,,Xylocopa_flavorufa,NA,0.0101,BT,34,600,600,2340,,,
Pasquet et al. (2008),NEW,Africa,Kenya,ES,ES,AG,Apoidea,Apidae,Xylocopinae,Xylocopini,Xylocopa,,Xylocopa_flavorufa,NA,0.0101,BT,31,660,660,5000,,,
Pasquet et al. (2008),NEW,Africa,Kenya,ES,ES,AG,Apoidea,Apidae,Xylocopinae,Xylocopini,Xylocopa,,Xylocopa_flavorufa,NA,0.0101,BT,134,1014,720,6040,,,FROM GRAPH
Pasquet et al. (2008),NEW,Africa,Kenya,ES,ES,AG,Apoidea,Apidae,Xylocopinae,Xylocopini,Xylocopa,,Xylocopa_flavorufa,NA,0.0101,BT,28,1495,1495,6040,,,
Esser (2005),Z2010_T1,Europe,,AG,ES,Soil,Apoidea,Colletidae,Colletinae,Colletini,Colletes,,Colletes_daviesanus,NA,NA,MR,74,,,2225,,,
Schmid-Egger et al. (1995),Z2010_T1,Europe,,AG,ES,Soil,Apoidea,Colletidae,Colletinae,Colletini,Colletes,,Colletes_hederae,NA,NA,N_S,NA,,,400,,,
Zurbuchen et al. (2015),NEW,Europe,Switzerland,SO,SO,Cavity,Apoidea,Colletidae,Hylaeinae,Halictina,Hylaeus,,Hylaeus_punctulatissimus,NA,NA,MR,28,,225,900,,,GRAPH
Zurbuchen et al. (2015),NEW,Europe,Switzerland,SO,SO,Cavity,Apoidea,Colletidae,Hylaeinae,Halictina,Hylaeus,,Hylaeus_punctulatissimus,NA,NA,MR,57,,100,1100,,,GRAPH
Beil et al. (2008),Z2010_T1,Europe,Germany,SO,SO,Soil,Apoidea,Halictidae,Halictinae,Halictini,Lasioglossum,,Lasioglossum_calceatum,NA,NA,PM,4,,,1000,,,
Beil et al. (2008),Z2010_T1,Europe,Germany,SO,SO,Soil,Apoidea,Halictidae,Halictinae,Halictini,Lasioglossum,,Lasioglossum_fulvicorne,NA,NA,PM,1,,,1250,,,
Bennet et al. (2017),NEW,Australasia,New Zealand,AGG,SO,Soil,Apoidea,Halictidae,Halictinae,Halictini,Lasioglossum,,Lasioglossum_sordidum,NA,NA,NPA,,115.5,104.5,,51.60620118,SD,
Bennet et al. (2017),NEW,Australasia,New Zealand,AGG,SO,Soil,Apoidea,Halictidae,Halictinae,Halictini,Lasioglossum,,Lasioglossum_sordidum,NA,NA,NPA,,156.8125,152.5,,66.08299706,SD,
Amand et al. (2000),Z2010_T1,NorthAmerica,USA,SO,SO,Cavity,Apoidea,Megachilidae,Megachilinae,Megachilini,Megachile,,Megachile_spp.,NA,NA,PM,NA,,,1000,,,
Herrmann (1999),Z2010_T1,Europe,,SO,SO,Cavity,Apoidea,Megachilidae,Megachilinae,Osmiini,Chelostoma,,Chelostoma_florisomne,NA,NA,H,6,,,2000,,,
Zurbuchen et al. (2015),NEW,Europe,Switzerland,SO,SO,Cavity,Apoidea,Megachilidae,Megachilinae,Osmiini,Chelostoma,,Chelostoma_rapunculi,NA,NA,PM,35,,,1275,,,GRAPH
Zurbuchen et al. (2015),NEW,Europe,Switzerland,SO,SO,Cavity,Apoidea,Megachilidae,Megachilinae,Osmiini,Hoplitis,,Hoplitis_adunca,NA,NA,MR,39,,300,1400,,,GRAPH
Hembach (1993),Z2010_T1,Europe,,SO,SO,Cavity,Apoidea,Megachilidae,Megachilinae,Osmiini,Osmia,,Osmia_adunca,NA,NA,NPA,NA,,,180,,,
Vicens and Bosch (2000),NEW,Europe,Spain,SO,SO,Cavity,Apoidea,Megachilidae,Megachilinae,Osmiini,Osmia,,Osmia_cornuta,NA,0.00455,H,50,,,2200,,,See table
Molitor (1937) in Guedot et al. (2009),NEW,Europe,,SO,SO,Cavity,Apoidea,Megachilidae,Megachilinae,Osmiini,Osmia,,Osmia_emarginata,NA,0.00387,H,1,,,1000,,,
Guédot et al. (2009),NEW,Europe,France,SO,SO,Cavity,Apoidea,Megachilidae,Megachilinae,Osmiini,Osmia,,Osmia_lignaria,NA,0.00335,H,60,,,1200,,,
Rust (1990),GL07_S3,USA,NA,AG,SO,Cavity,Apoidea,Megachilidae,Megachilinae,Osmiini,Osmia,,Osmia_lignaria propinqua,NA,0.00335,PM,,1200,,,,,
Kawamura (1954) in Kitamura (1969),GL07_S3,Asia,Japan,AG,SO,Cavity,Apoidea,Megachilidae,Megachilinae,Osmiini,Osmia,,Osmia_pedicornis,NA,0.0033,H,NA,500,,500,,,
Kitamura and Maeta (1969),GL07_S3,Asia,Japan,AG,SO,Cavity,Apoidea,Megachilidae,Megachilinae,Osmiini,Osmia,,Osmia_pedicornis,NA,0.0033,H,43,700,,700,,,
Gathmann and Tscharntke (2002) - Gathmann (1998),GL07_S3,Europe,Germany,AG,SO,Cavity,Apoidea,Megachilidae,Megachilinae,Osmiini,Osmia,,Osmia_rufa,NA,0.0027,N_S,30,600,,,,,